Country,g1971,g1972,g1973,g1974,g1975,g1976,g1977,g1978,g1979,g1980,g1981,g1982,g1983,g1984,g1985,g1986,g1987,g1988,g1989,g1990,g1991,g1992,g1993,g1994,g1995,g1996,g1997,g1998,g1999,g2000,g2001,g2002,g2003,g2004,g2005,g2006,g2007,g2008,g2009,g2010,g2011,g2012,g2013,g2014,g2015,g2016,g2017,g2018,g2019,g2020,g2021,g2022,g2023,g2024,g2025,g2026,g2027,g2028,g2029,g2030,g2031,g2032,g2033
World,4.74,5.43,6.47,2.11,.71,5.18,4.11,4.01,4.42,1.93,1.89,.55,2.65,4.61,3.56,3.43,3.69,4.58,3.53,2.93,1.35,2.02,1.76,3.26,3.06,3.54,3.89,2.81,3.27,4.45,2.05,2.28,3.10,4.57,4.12,4.57,4.50,2.04,-1.29,4.44,3.35,2.73,2.84,3.06,3.06,2.62,3.29,3.05,2.47,-3.20,6.10,3.09,2.44,2.66,2.95,3.02,2.92,2.83,2.80,2.71,2.60,2.62,2.64
World less USA,5.33,5.50,6.79,3.14,1.05,5.11,3.92,3.43,4.90,2.75,1.66,1.42,1.96,3.64,3.33,3.41,3.77,4.74,3.47,3.35,1.90,1.47,1.39,2.97,3.21,3.45,3.68,2.17,2.69,4.58,2.47,2.50,3.20,4.87,4.36,5.22,5.49,2.82,-.86,5.09,3.96,2.89,3.17,3.24,3.09,2.98,3.63,3.08,2.52,-3.32,6.14,3.41,2.66,3.10,3.25,3.18,3.11,3.07,3.06,2.94,2.83,2.85,2.87
United States and Canada,3.34,5.28,5.74,-.25,-.07,5.43,4.53,5.39,3.21,-.07,2.61,-1.92,4.42,7.13,4.21,3.36,3.51,4.20,3.57,1.69,-.26,3.33,2.75,4.06,2.68,3.61,4.44,4.36,4.70,4.18,1.03,1.86,2.93,3.81,3.62,2.95,2.25,-.05,-2.57,2.61,1.68,2.21,1.88,2.55,2.80,1.46,2.29,2.86,2.26,-2.98,5.88,2.18,1.73,1.27,1.97,2.43,2.27,1.98,1.88,1.88,1.79,1.79,1.79
Canada,3.97,5.51,6.84,3.28,1.46,5.88,3.44,3.68,3.71,2.16,3.47,-3.19,2.60,5.91,4.74,2.14,4.07,4.41,2.32,.16,-2.09,.90,2.66,4.49,2.69,1.62,4.28,2.80,3.97,4.92,1.41,3.42,3.81,3.91,5.00,4.17,6.87,1.01,-2.93,3.09,3.15,1.76,2.33,2.87,.66,1.00,3.17,2.01,1.66,-5.07,5.01,3.40,1.43,1.65,1.92,1.98,1.90,1.80,1.70,1.60,1.70,1.70,1.70
United States,3.29,5.26,5.65,-.54,-.21,5.39,4.62,5.54,3.17,-.26,2.54,-1.80,4.58,7.24,4.17,3.46,3.46,4.18,3.67,1.82,-.11,3.52,2.75,4.03,2.68,3.77,4.45,4.48,4.75,4.13,1.00,1.74,2.86,3.80,3.51,2.85,1.88,-.14,-2.54,2.56,1.55,2.25,1.84,2.53,2.98,1.50,2.21,2.94,2.31,-2.81,5.95,2.08,1.75,1.24,1.97,2.46,2.30,2.00,1.90,1.90,1.80,1.80,1.80
Latin America,6.95,7.23,8.04,6.78,3.59,5.32,4.86,3.82,7.35,6.70,.75,-.37,-2.09,3.83,3.23,4.00,3.26,.60,1.84,.02,3.17,2.58,4.09,5.21,.91,4.06,5.28,2.68,.62,3.58,.49,.52,2.52,5.62,4.01,5.08,5.28,3.73,-2.01,6.47,4.46,2.53,2.89,1.35,.53,-.11,1.87,1.47,.71,-6.64,6.92,3.72,1.82,2.25,2.77,2.92,2.86,2.89,2.92,2.95,2.92,2.92,2.93
Mexico,3.76,8.23,7.86,5.78,5.74,4.42,3.39,8.96,9.70,9.23,8.53,-.52,-3.49,3.41,2.19,-3.08,1.72,1.28,4.11,5.18,4.21,3.54,1.94,4.94,-6.29,6.77,6.85,5.16,2.75,4.94,-.40,-.04,1.45,3.92,2.31,4.50,2.29,1.14,-5.29,5.12,3.66,3.64,1.35,2.80,3.29,2.91,2.12,2.14,-.15,-8.18,4.94,3.06,2.42,1.99,2.28,2.18,2.20,2.20,2.20,2.20,2.30,2.30,2.30
Other Caribbean Central America,6.06,6.66,5.21,4.62,2.27,5.25,7.16,5.53,3.28,1.83,3.63,.74,.56,4.24,1.22,2.31,2.73,2.36,3.01,-.35,-.39,2.20,1.60,2.77,4.21,3.58,4.61,4.51,4.67,3.89,3.37,2.38,2.27,5.32,3.80,5.34,4.49,2.42,-.85,2.75,2.99,2.93,2.55,2.41,3.20,2.08,2.02,1.80,2.13,-7.95,6.91,4.37,3.06,2.75,3.03,2.99,2.97,2.94,2.91,2.89,2.79,2.79,2.80
Antigua and Barbuda,,,,,,,,4.38,8.08,8.16,3.81,-.08,5.36,10.16,7.64,11.49,6.63,5.21,5.25,3.01,2.18,1.16,5.28,6.68,-4.36,6.60,5.47,4.73,3.71,6.69,-4.95,1.02,6.06,5.74,6.41,12.73,9.26,-.03,-12.11,-7.57,-1.96,3.37,-.60,3.80,3.83,5.50,3.15,7.39,4.65,-17.50,6.55,8.46,2.25,2.89,2.56,2.57,2.60,2.60,2.60,2.50,2.50,2.50,2.50
Bahamas,1.63,-3.50,7.57,-16.75,-14.80,5.19,9.15,14.18,26.14,6.50,-9.23,6.70,3.60,14.17,4.83,1.80,2.98,2.31,6.73,-1.60,-4.18,-3.83,.31,3.15,4.38,4.22,2.06,4.72,7.14,4.15,2.63,2.70,-1.26,.88,3.40,2.52,1.45,-2.32,-4.18,1.54,.61,3.09,-2.95,.74,.60,.45,.07,1.57,1.80,-23.82,13.71,8.00,4.26,2.92,2.35,1.87,1.80,1.70,1.60,1.50,1.50,1.50,1.50
Barbados,,,,,-1.90,4.36,3.64,4.88,7.89,4.37,-1.90,-4.90,.50,3.60,1.10,5.10,2.59,3.51,3.60,-3.31,-3.90,-5.69,.79,2.01,2.01,3.98,4.74,3.73,.33,4.45,-2.37,.79,2.18,1.41,3.96,5.90,2.20,.70,-5.08,-2.29,-.67,-.46,-1.41,-.12,2.45,2.48,.48,-.58,-.10,-13.31,-.19,9.85,4.63,2.80,2.24,2.08,1.90,1.60,1.50,1.50,1.50,1.50,1.50
Belize,3.96,10.22,5.35,13.56,3.59,-.03,6.50,7.92,7.52,13.44,1.13,-.11,-2.14,1.97,1.01,4.54,10.74,9.79,13.01,11.44,11.46,12.06,6.28,.16,.64,1.43,3.54,3.74,8.78,13.02,4.68,4.74,9.33,4.79,1.94,4.82,.51,3.49,.22,3.00,1.92,2.42,1.30,3.64,2.85,.09,1.87,2.09,.27,-13.39,15.21,2.10,1.74,2.43,2.71,1.94,1.90,1.90,1.90,1.90,2.00,2.00,2.00
Costa Rica,6.78,8.18,7.71,5.54,2.10,5.52,8.90,6.27,4.94,.75,-2.26,-7.29,2.86,8.02,.72,5.54,4.76,3.43,5.67,3.55,2.27,9.20,7.09,4.49,4.12,1.24,5.56,6.96,3.94,3.83,3.49,3.29,4.26,4.34,3.87,7.24,8.17,4.65,-.97,4.95,4.31,4.80,2.27,3.52,3.63,4.25,3.86,2.66,2.08,-4.27,7.78,4.31,3.30,3.80,3.60,3.20,3.20,3.20,3.20,3.20,3.30,3.30,3.30
Cuba,8.58,4.83,3.43,.98,9.48,5.43,8.71,6.60,1.09,-4.85,19.69,8.92,5.41,7.93,1.60,.10,-2.40,3.71,.68,-2.95,-10.69,-11.58,-14.88,.72,2.46,7.84,2.78,.16,6.19,5.91,3.19,1.42,3.79,5.77,11.20,12.07,7.26,4.12,1.45,2.39,2.80,3.01,2.75,1.05,4.44,.51,1.81,2.25,.43,-10.90,1.30,2.00,2.21,1.96,2.27,2.52,2.60,2.70,2.80,2.90,2.90,2.90,2.90
Dominica,,,,,,,,10.54,-18.36,13.38,10.83,4.13,2.56,4.20,1.42,7.07,6.31,7.82,-.19,5.42,1.35,2.03,2.16,.03,3.03,3.10,2.19,3.77,.35,2.34,-.06,-2.83,6.35,3.05,.66,4.66,6.35,7.12,-1.17,.67,-.22,-1.06,-1.00,4.45,-2.69,2.56,-6.80,2.26,5.66,-16.60,6.68,4.99,4.10,4.32,3.77,2.39,2.00,1.70,1.20,1.20,1.10,1.10,1.10
Dominican Republic,10.87,10.39,12.90,6.00,5.19,6.73,4.98,2.14,4.53,7.97,4.28,1.70,4.63,1.25,-2.12,3.52,10.12,2.16,4.40,-5.45,.94,11.22,7.36,2.60,5.69,5.98,8.89,6.71,5.94,4.66,2.46,4.50,-1.35,2.57,9.43,9.17,7.42,3.21,.95,8.34,3.13,2.72,4.88,7.05,6.93,6.66,4.67,6.98,5.09,-6.72,12.25,4.87,4.79,4.22,4.67,4.55,4.50,4.50,4.30,4.30,3.90,3.90,3.90
El Salvador,3.86,6.12,4.86,5.34,2.92,5.05,6.78,5.32,-4.18,-11.77,-10.45,-6.31,1.54,1.34,.62,.19,2.51,1.88,.96,4.83,1.49,7.02,5.82,4.69,4.73,.82,3.13,2.65,2.16,1.13,.88,1.58,1.56,.89,2.71,4.34,1.86,2.57,-2.09,2.10,3.82,2.82,2.23,1.71,2.40,2.55,2.25,2.43,2.38,-7.82,11.18,2.60,1.84,1.63,2.54,2.40,2.40,2.40,2.40,2.40,2.20,2.20,2.20
Grenada,,,,,,9.03,5.70,5.34,5.60,-.53,1.53,4.12,3.63,3.57,5.98,7.19,9.10,2.97,3.77,4.01,1.39,-.85,-1.96,1.69,2.13,4.44,5.02,11.75,6.90,4.89,-2.02,3.44,9.46,-.65,13.27,-3.99,6.12,.95,-6.61,-.51,.76,-1.16,2.35,7.34,6.44,3.74,4.44,4.14,3.13,-13.76,4.69,5.92,3.09,2.59,2.40,2.37,2.40,2.30,2.30,2.20,2.20,2.20,2.20
Guatemala,5.58,7.33,6.78,6.38,1.95,7.39,7.81,5.00,4.71,3.76,.65,-3.53,-2.57,.50,-.61,.14,3.54,3.89,3.94,3.10,3.66,4.84,3.93,4.03,4.95,2.96,4.36,4.99,3.85,3.61,2.33,3.87,2.53,3.15,3.26,5.38,6.30,3.28,.53,2.87,4.16,2.97,3.70,4.44,4.09,2.68,3.02,3.21,3.85,-1.79,8.00,4.12,3.63,3.04,3.48,2.94,2.80,2.70,2.60,2.50,2.40,2.40,2.40
Haiti,6.48,.98,4.76,5.78,1.12,8.44,3.71,6.21,7.56,7.37,-2.85,-3.56,.91,.30,.60,-.50,-.79,.20,-2.91,1.04,1.88,-5.31,-5.43,-11.95,9.90,4.14,2.70,2.18,2.71,.87,-1.04,-.25,.36,-3.52,1.81,2.25,3.34,.84,3.08,-3.12,5.52,2.89,4.25,2.78,1.22,1.45,1.17,1.48,-.93,-3.34,-1.80,-1.70,.10,1.13,1.25,2.37,2.40,2.40,2.40,2.40,2.60,2.60,2.60
Honduras,4.00,5.76,7.87,-1.23,2.13,10.50,10.38,5.97,5.61,.60,-1.22,-2.07,.91,6.33,5.63,5.33,6.64,1.75,2.73,2.79,-3.32,6.07,6.50,.21,6.19,1.87,4.60,3.59,-.74,7.29,2.72,3.75,4.55,6.23,6.05,6.57,6.19,4.23,-2.43,3.73,3.84,4.13,2.79,3.06,3.84,3.89,4.84,3.70,2.65,-8.96,12.53,-.33,3.35,3.40,3.34,3.33,3.30,3.30,3.30,3.30,3.30,3.30,3.30
Jamaica,2.46,18.01,-5.49,-4.23,-.26,-6.69,-2.60,-.05,-1.06,-5.71,2.64,2.07,1.91,-1.54,-2.94,1.88,7.85,3.97,7.17,4.20,4.84,1.96,9.42,1.38,2.35,-.11,-1.14,-2.33,1.05,.88,1.34,2.00,3.67,1.32,.89,2.90,1.43,-.81,-4.34,-1.47,1.73,-.61,.50,.69,.92,1.38,1.00,1.94,.70,-10.18,4.60,5.20,2.13,1.54,2.03,2.00,1.90,1.80,1.70,1.60,1.70,1.70,1.70
Nicaragua,3.30,2.22,6.42,14.19,-.15,5.21,8.37,-7.84,-26.48,4.61,5.36,-.82,4.61,-1.57,-4.08,-1.02,-.71,-12.45,-1.74,-.05,-.19,.39,-.39,3.34,5.91,6.34,3.97,3.71,7.04,4.10,2.96,.75,2.52,5.31,4.28,4.15,5.08,3.44,-3.29,4.41,6.32,6.50,4.93,4.79,4.79,4.56,4.63,-3.95,-3.88,-1.77,10.35,3.75,2.02,2.29,2.48,2.17,2.10,2.10,2.10,2.10,2.00,2.00,2.00
Panama,9.62,4.58,5.36,2.45,1.74,1.66,1.09,9.79,4.51,13.08,9.21,5.35,-4.49,2.71,4.94,3.57,-1.81,-13.38,1.56,8.10,9.42,8.20,5.46,2.85,1.75,4.08,6.46,7.34,3.92,2.72,.57,2.23,4.21,7.52,7.19,8.65,11.98,9.86,1.24,5.83,11.31,9.78,6.90,5.07,5.73,4.95,5.60,3.69,3.01,-17.94,15.34,10.77,3.40,2.89,3.04,3.21,3.20,3.20,3.20,3.20,3.00,3.00,3.00
Puerto Rico,6.37,7.17,6.34,2.92,-.65,6.24,5.95,6.93,7.91,4.24,1.15,-1.56,-2.34,5.93,3.10,4.98,5.77,5.89,4.33,-2.84,2.30,4.56,4.64,4.19,4.55,2.31,4.88,5.53,5.39,3.27,6.31,.92,.05,8.75,-1.99,-1.41,-1.16,-1.84,-1.95,-.41,-.36,.03,-.31,-1.19,-1.05,-1.26,-2.89,-4.66,1.19,-4.20,.43,3.36,1.79,1.51,2.01,2.31,2.30,2.10,2.10,2.00,1.90,1.90,1.90
St. Kitts Nevis,,,,,,,,3.91,7.60,8.44,1.55,.55,1.19,8.87,8.55,10.86,6.55,9.23,5.48,4.88,-1.86,4.27,6.80,5.30,5.38,5.84,6.82,-.49,3.22,10.41,5.52,2.47,-3.44,4.06,9.70,.91,.60,6.12,-4.05,-.61,1.83,-2.23,5.38,6.29,1.03,2.83,-1.98,2.92,2.50,-14.53,-.88,7.66,4.40,3.51,2.94,2.92,2.90,2.90,2.90,2.80,2.80,2.80,2.80
St. Lucia,,,,,,,,10.31,3.79,-2.22,6.31,2.09,4.97,7.27,8.29,14.40,3.92,13.90,8.98,9.89,.38,7.95,.58,1.60,1.75,2.92,-.69,6.29,2.67,.05,-3.41,.42,4.26,7.27,-.41,6.20,1.69,4.95,-2.83,1.60,5.48,-.20,-3.17,1.76,-1.36,3.99,3.49,2.64,1.73,-24.36,12.23,15.88,5.82,3.14,2.57,2.05,2.10,2.10,2.10,2.10,2.10,2.10,2.10
St. Vincent Grenadines,2.97,25.83,-11.10,-8.82,-7.61,10.38,13.23,9.78,3.38,2.44,4.61,4.48,2.17,6.59,6.18,5.60,.44,14.07,1.41,4.15,1.14,6.38,4.25,-1.25,7.77,1.29,3.51,4.09,2.71,1.64,1.71,6.32,7.69,4.16,2.49,7.69,3.34,1.58,-2.10,-3.35,-.42,1.38,1.83,1.21,1.33,1.90,1.00,2.16,.34,-5.51,.79,4.63,5.71,4.55,3.32,2.55,2.50,2.50,2.50,2.50,2.40,2.40,2.40
Trinidad and Tobago,1.04,5.78,1.66,3.81,1.48,6.41,9.12,10.02,3.60,10.39,4.58,3.80,-10.30,-5.75,-4.12,-3.28,-4.56,-3.92,-.83,1.51,3.11,10.09,-.67,3.57,3.81,7.13,7.52,8.12,8.02,6.90,4.17,7.94,14.44,7.95,6.21,13.21,4.75,3.39,-4.39,3.32,-.29,1.27,2.23,-.91,1.82,-6.30,-2.31,-.25,.00,-7.68,-1.03,4.61,2.70,1.88,1.76,1.86,1.80,1.80,1.80,1.80,1.80,1.80,1.80
South America,8.25,6.98,8.60,7.50,3.07,5.64,4.99,1.77,7.20,6.57,-2.68,-.50,-1.94,3.93,4.03,7.21,3.92,.07,.81,-1.87,3.36,2.24,5.40,5.71,3.27,3.15,4.80,1.44,-.89,2.96,.37,.43,3.01,6.37,4.73,5.27,6.58,4.91,-1.04,7.57,4.97,2.11,3.45,.71,-.82,-1.52,1.75,1.17,.78,-5.84,7.63,3.84,1.41,2.25,2.89,3.17,3.07,3.12,3.16,3.21,3.15,3.15,3.15
Argentina,5.66,1.63,2.81,5.53,-.03,-2.02,6.93,-4.51,10.22,1.52,-5.19,-.74,4.35,1.57,-5.19,6.15,2.70,-1.09,-7.16,-2.47,9.13,7.94,8.21,5.84,-2.85,5.53,8.11,3.85,-3.39,-.79,-4.41,-10.89,8.84,9.03,8.85,8.05,9.01,4.06,-5.92,10.13,6.00,-1.03,2.41,-2.51,2.73,-2.08,2.67,-2.48,-2.16,-9.94,10.40,5.24,.75,1.28,1.47,1.53,1.80,2.10,2.40,2.70,2.80,2.80,2.80
Brazil,11.30,12.05,13.98,9.04,5.21,9.79,4.61,3.23,6.77,9.11,-4.39,.58,-3.41,5.27,7.95,7.99,3.60,-.10,3.28,-3.10,1.51,-.47,4.67,5.33,4.42,2.21,3.39,.34,.47,4.39,1.39,3.05,1.14,5.76,3.20,3.96,6.07,5.09,-.13,7.53,3.97,1.92,3.00,.50,-3.55,-3.28,1.32,1.32,1.14,-3.58,5.32,3.00,1.63,2.22,3.07,3.36,3.30,3.30,3.30,3.30,3.20,3.20,3.20
Other South America,5.73,3.47,4.06,6.21,1.56,4.06,3.94,4.76,5.36,5.21,4.35,-2.91,-4.01,2.89,2.89,6.02,5.91,1.55,1.03,1.97,3.82,4.62,4.90,6.52,5.65,3.56,5.46,2.01,-1.88,2.71,1.72,2.60,3.67,5.98,5.38,6.21,5.92,5.15,.56,5.90,6.43,4.74,5.10,3.24,2.43,2.12,1.96,3.10,1.82,-7.51,10.34,4.53,1.38,2.83,3.31,3.68,3.33,3.31,3.30,3.30,3.23,3.24,3.24
Bolivia,5.06,7.97,5.74,2.94,7.31,4.61,4.97,2.05,.13,-1.37,.28,-3.94,-4.04,-.20,-1.68,-2.57,2.46,2.91,3.79,4.64,5.27,1.65,4.27,4.67,4.68,4.36,4.95,5.03,.43,2.51,1.68,2.49,2.71,4.17,4.42,4.80,4.56,6.15,3.36,4.13,5.20,5.12,6.80,5.46,4.86,4.26,4.20,4.22,2.22,-8.74,6.11,3.48,2.82,2.76,3.20,3.20,3.20,3.20,3.20,3.20,3.20,3.20,3.20
Chile,9.42,-1.02,-5.03,2.38,-12.91,3.83,10.44,7.70,8.42,7.99,6.53,-11.01,-5.02,4.10,4.01,5.38,6.46,7.35,9.92,3.33,7.80,11.17,6.59,5.03,8.93,6.80,7.43,4.32,-.41,5.33,3.30,3.11,4.09,7.21,5.74,6.32,4.91,3.53,-1.56,5.84,6.11,5.32,4.05,1.77,2.30,1.71,1.19,3.95,1.05,-6.40,11.92,2.49,-.13,1.93,2.32,2.56,2.70,2.80,2.90,3.00,3.10,3.10,3.10
Colombia,5.96,7.67,6.72,5.75,2.32,4.73,4.16,8.47,5.38,4.09,2.28,.95,1.57,3.35,3.11,5.82,5.37,4.06,3.41,4.28,2.00,4.04,5.39,5.81,5.20,2.06,3.43,.57,-4.20,2.92,1.68,2.50,3.92,5.33,4.83,6.72,6.74,3.28,1.14,4.49,6.95,3.91,5.13,4.50,2.96,2.09,1.36,2.52,3.32,-7.25,11.02,7.50,.58,1.82,3.44,4.03,3.90,3.80,3.70,3.60,3.30,3.30,3.30
Ecuador,6.29,5.02,13.95,11.21,10.97,7.40,1.60,5.71,3.73,3.71,5.61,.61,-.34,2.63,3.93,3.46,-.26,5.89,1.01,3.68,4.29,2.11,1.97,4.26,2.25,1.73,4.33,3.27,-4.74,1.09,4.02,4.10,2.72,8.21,5.29,4.40,2.19,6.36,.57,3.53,7.87,5.64,4.95,3.79,.10,-1.23,2.37,1.29,.05,-7.79,4.24,2.95,2.33,2.43,2.85,2.71,2.70,2.70,2.70,2.70,2.70,2.70,2.70
Guyana,3.11,-3.32,1.24,7.70,8.48,1.54,-2.64,-1.81,-1.84,1.73,1.50,-13.19,-6.79,-5.03,2.40,-.90,.90,-3.69,-4.92,-3.07,6.06,7.76,8.18,8.53,5.03,7.96,6.18,-1.68,2.96,-1.36,2.28,1.13,-.63,1.56,-1.95,5.13,7.02,1.98,3.55,4.14,5.20,5.28,5.02,3.90,3.05,3.36,2.10,4.10,4.70,39.82,21.13,60.69,27.20,43.30,20.30,24.00,4.10,3.20,3.10,3.00,2.40,2.40,2.40
Paraguay,5.54,6.63,7.30,8.38,6.85,7.53,11.49,12.03,11.86,11.71,9.17,-1.40,-3.04,2.82,4.52,4.96,7.58,5.92,6.94,4.12,3.49,1.70,4.94,5.32,6.82,1.57,4.24,.07,-1.37,-2.31,-.83,-.02,4.32,4.06,2.13,4.81,5.42,6.36,-.26,11.14,4.25,-.54,8.42,4.86,3.08,4.31,4.96,3.35,-.03,-.82,4.02,.08,4.44,3.96,3.81,4.08,4.00,3.90,3.80,3.70,3.60,3.60,3.60
Peru,4.59,3.48,6.28,9.39,4.30,1.45,.35,-2.64,4.09,5.94,5.55,-.22,-10.41,3.61,2.06,9.43,9.73,-9.44,-12.31,-4.98,2.22,-.54,5.24,12.31,7.41,2.80,6.48,-.39,1.49,2.69,.62,5.45,4.17,4.96,6.29,7.53,8.52,9.13,1.10,8.33,6.33,6.14,5.85,2.38,3.25,3.95,2.52,3.98,2.15,-11.12,13.75,2.70,1.80,3.08,3.19,3.53,3.60,3.60,3.60,3.60,3.70,3.70,3.70
Suriname,3.90,-.60,-1.80,.40,2.80,8.80,10.20,6.60,-.60,-8.80,7.10,-4.20,-3.90,-1.90,2.00,.80,-6.20,7.80,4.20,-4.50,2.70,.40,-6.70,3.40,.00,1.00,5.70,2.30,-1.40,2.10,4.20,2.80,6.30,8.50,4.50,5.79,5.11,4.14,3.01,5.17,5.85,2.69,2.93,.26,-3.41,-5.56,1.76,2.62,-.77,-15.91,-2.77,2.10,2.33,2.37,2.67,2.88,2.90,3.00,3.10,3.20,3.20,3.20,3.20
Uruguay,-.25,-1.32,.28,2.90,6.10,3.94,1.46,5.37,6.20,5.84,1.56,-9.76,-10.27,-1.14,1.47,8.81,7.99,1.48,1.10,.30,3.54,7.93,2.66,7.28,-1.45,5.58,8.55,4.52,-1.94,-1.93,-3.84,-7.73,.81,5.00,7.46,4.10,6.54,7.18,4.24,7.80,5.16,3.54,4.64,3.24,.37,1.69,2.59,1.62,.22,-6.26,5.28,4.92,2.69,3.38,3.13,2.06,2.20,2.30,2.40,2.50,2.60,2.60,2.60
Venezuela,1.48,1.28,7.11,2.07,2.90,7.73,6.27,2.35,.76,-4.42,-.36,-2.07,-3.76,1.44,.19,6.51,3.58,5.82,-8.57,5.12,9.73,6.06,.27,-2.38,3.90,-.24,7.87,.29,-5.97,3.69,3.39,-8.86,-7.76,18.29,10.32,9.87,8.75,5.28,-3.20,-1.49,4.18,5.63,1.34,-3.89,-6.22,-17.04,-15.67,-19.62,-32.44,-18.68,5.84,13.43,2.31,4.30,2.95,2.85,2.80,2.80,2.80,2.80,2.70,2.70,2.70
Europe,4.90,4.63,6.25,2.31,-.58,4.40,3.03,3.26,3.81,1.78,.25,.89,2.04,2.68,2.72,2.70,2.89,4.15,3.57,2.38,.96,.73,-.13,2.80,2.57,2.02,2.90,3.11,2.95,3.82,2.28,1.29,1.26,2.62,2.20,3.38,3.09,.56,-4.20,2.18,1.81,-.22,.42,1.80,2.32,2.01,2.55,2.03,1.48,-6.44,5.68,3.63,.68,1.19,1.75,1.71,1.61,1.53,1.50,1.45,1.34,1.35,1.35
European Union 27,5.24,4.78,6.46,3.32,-.13,4.99,3.14,3.21,3.88,2.30,.32,.81,1.67,2.67,2.34,2.62,2.51,4.01,3.61,2.77,1.50,.90,-.60,2.62,2.63,1.88,2.65,3.01,2.95,3.90,2.18,1.11,.90,2.60,1.92,3.49,3.16,.64,-4.36,2.23,1.89,-.71,-.04,1.59,2.37,2.05,2.73,2.15,1.52,-5.81,5.42,3.62,.74,1.29,1.86,1.77,1.64,1.55,1.52,1.45,1.36,1.36,1.36
Euro Zone,3.78,4.88,6.71,3.22,-.64,5.00,3.09,3.12,3.86,2.17,.57,.76,1.43,2.40,2.31,2.52,2.54,4.28,4.08,3.56,2.44,1.17,-.73,2.44,2.41,1.70,2.70,3.03,2.97,3.86,2.20,.94,.67,2.29,1.68,3.23,3.00,.41,-4.53,2.18,1.74,-.86,-.23,1.42,2.14,1.92,2.55,1.93,1.28,-6.29,5.34,3.55,.81,1.13,1.71,1.61,1.49,1.41,1.39,1.33,1.24,1.24,1.24
European Union 15,3.61,4.68,6.10,2.07,-.81,4.54,2.79,3.24,3.85,1.36,.28,1.00,1.90,2.45,2.65,2.67,3.00,4.41,3.70,2.96,1.88,1.18,-.17,2.78,2.47,1.82,2.88,3.14,3.10,3.80,2.26,1.17,1.12,2.33,1.94,3.14,2.78,.21,-4.41,2.24,1.72,-.43,.27,1.67,2.23,1.93,2.39,1.78,1.29,-7.03,5.73,3.64,.65,1.00,1.60,1.57,1.47,1.41,1.39,1.34,1.23,1.23,1.23
Belgium and Luxembourg,3.90,5.37,6.50,4.54,-2.25,5.47,.68,2.91,2.34,4.23,-.29,.63,.47,2.69,1.72,2.33,2.42,4.97,3.91,3.30,2.34,1.55,-.55,3.28,2.30,1.33,3.95,2.31,3.98,4.13,1.24,1.91,1.10,3.58,2.41,2.81,4.15,.26,-2.26,3.07,1.78,.63,.79,1.87,2.28,1.82,1.89,1.67,1.51,-4.83,6.14,3.05,1.00,1.25,1.99,1.61,1.61,1.61,1.61,1.61,1.44,1.44,1.44
Austria,5.11,6.21,4.89,3.94,-.36,4.58,5.08,-.21,5.36,1.73,-.14,2.01,2.97,.05,2.50,2.30,1.36,3.30,3.89,4.35,3.44,2.09,.53,2.40,2.67,2.35,2.09,3.58,3.56,3.38,1.27,1.65,.94,2.74,2.24,3.45,3.73,1.46,-3.76,1.84,2.92,.68,.03,.66,1.01,2.08,2.48,2.42,1.61,-6.55,4.73,4.98,.49,1.10,1.57,1.66,1.60,1.60,1.60,1.60,1.40,1.40,1.40
Belgium,3.99,5.30,6.38,4.57,-1.97,5.65,.63,2.84,2.34,4.44,-.28,.59,.31,2.47,1.65,1.82,2.31,4.72,3.47,3.14,1.83,1.53,-.96,3.23,2.38,1.32,3.79,1.96,3.54,3.72,1.10,1.71,1.04,3.57,2.32,2.55,3.68,.45,-2.02,2.86,1.69,.74,.46,1.58,2.03,1.48,1.90,1.49,1.40,-5.36,6.29,3.25,1.12,1.22,2.03,1.60,1.60,1.60,1.60,1.60,1.40,1.40,1.40
Denmark,3.00,3.93,4.09,-1.12,-1.46,5.92,1.87,2.23,3.87,-.48,-.67,3.68,2.60,4.17,4.00,4.90,.25,-.01,.65,1.48,1.39,1.96,.01,5.33,3.03,2.90,3.26,2.22,2.95,3.75,.82,.47,.39,2.67,2.34,3.91,.91,-.51,-4.91,1.87,1.34,.23,.93,1.62,2.34,3.25,2.04,2.39,2.37,-1.99,4.86,3.82,.85,1.31,1.92,2.00,1.90,1.80,1.70,1.60,1.70,1.70,1.70
Finland,2.36,7.74,6.98,3.24,1.80,.34,.24,2.92,7.12,5.39,1.32,3.11,3.12,3.24,3.55,2.76,3.57,5.22,5.09,.67,-5.89,-3.29,-.66,3.96,4.22,3.67,6.33,5.46,4.38,5.77,2.61,1.71,2.00,3.99,2.78,4.03,5.30,.78,-8.07,3.19,2.55,-1.40,-.90,-.36,.54,2.71,3.10,1.63,.98,-2.35,3.03,1.99,-.24,.82,1.38,1.17,1.20,1.30,1.40,1.50,1.50,1.50,1.50
France,5.32,4.51,6.34,4.30,-.96,4.36,3.46,3.98,3.55,1.58,1.07,2.51,1.24,1.51,1.62,2.34,2.56,4.74,4.34,2.92,1.05,1.60,-.63,2.36,2.11,1.41,2.34,3.59,3.42,3.92,1.98,1.14,.82,2.83,1.66,2.45,2.42,.25,-2.87,1.95,2.19,.31,.58,.96,1.11,1.10,2.29,1.79,1.51,-7.90,6.76,2.55,.61,.76,1.53,1.26,1.20,1.20,1.20,1.20,1.10,1.10,1.10
Germany,3.13,4.30,4.78,.89,-.87,4.95,3.35,3.01,4.15,1.41,.53,-.39,1.57,2.82,2.33,2.29,1.40,3.71,3.90,5.26,5.11,1.93,-.98,2.40,1.53,.82,1.78,2.02,1.89,2.90,1.70,-.20,-.71,1.19,.72,3.81,2.98,.96,-5.70,4.18,3.92,.42,.43,2.23,1.74,2.23,2.47,1.53,.56,-4.06,2.59,1.89,.18,1.09,1.56,1.68,1.50,1.40,1.40,1.30,1.20,1.20,1.20
Greece,7.84,10.16,8.09,-6.44,6.37,6.85,2.94,7.25,3.28,.68,-1.55,-1.13,-1.08,2.01,2.51,.52,-2.26,4.29,3.80,.00,3.10,.70,-1.60,2.00,2.10,2.86,4.48,3.89,3.07,3.92,4.13,3.92,5.79,5.06,.60,5.65,3.27,-.34,-4.30,-5.48,-9.13,-7.30,-3.24,.74,-.44,-.19,1.51,1.93,1.87,-8.71,8.10,6.07,2.33,1.86,2.65,1.78,1.70,1.60,1.50,1.40,1.20,1.20,1.20
Ireland,3.47,6.49,4.72,4.26,5.66,1.39,8.21,7.19,3.07,3.08,3.33,2.28,-.24,4.35,3.09,-.43,4.66,5.22,5.81,8.47,1.93,3.34,2.69,5.76,9.63,7.41,10.90,8.69,10.50,9.45,5.28,5.92,3.02,6.72,5.70,5.07,5.32,-4.48,-5.08,1.81,.34,.23,1.35,8.56,25.16,3.68,8.15,8.17,5.55,5.64,13.41,12.17,1.62,2.92,2.03,1.99,2.00,2.00,2.00,2.00,2.00,2.00,2.00
Italy,1.82,3.69,7.13,5.50,-2.09,7.13,2.56,3.24,5.96,3.43,.84,.41,1.17,3.23,2.80,2.86,3.19,4.19,3.39,1.99,1.54,.83,-.85,2.15,2.89,1.27,1.83,1.81,1.63,3.79,1.95,.25,.14,1.42,.82,1.79,1.49,-.96,-5.28,1.71,.71,-2.98,-1.84,.00,.78,1.29,1.67,.80,.30,-9.04,6.96,3.83,1.13,.59,1.17,1.17,1.10,.90,.80,.70,.70,.70,.70
Luxembourg,2.67,6.60,8.31,4.21,-6.57,2.53,1.57,4.07,2.35,.84,-.55,1.13,2.99,6.19,2.79,9.98,3.95,8.46,9.80,5.32,8.64,1.82,4.20,3.82,1.43,1.39,5.71,6.04,8.48,8.24,2.53,3.82,1.63,3.61,3.17,5.18,8.35,-1.28,-4.36,4.86,2.54,-.35,3.65,4.30,4.31,4.57,1.80,3.11,2.30,-.78,5.10,1.58,.13,1.49,1.67,1.68,1.70,1.70,1.70,1.70,1.70,1.70,1.70
Netherlands,4.32,3.53,5.44,3.44,.00,4.46,2.52,2.70,2.01,1.34,-.78,-1.24,2.07,3.06,2.58,2.79,1.93,3.44,4.42,4.18,2.44,1.71,1.26,2.96,3.12,3.50,4.33,4.66,5.03,4.20,2.33,.22,.16,1.98,2.05,3.46,3.77,2.17,-3.67,1.34,1.55,-1.03,-.13,1.42,1.96,2.19,2.91,2.60,1.81,-3.90,4.86,4.52,.54,1.17,2.02,1.67,1.60,1.60,1.60,1.60,1.40,1.40,1.40
Portugal,6.63,8.02,11.20,1.14,-4.35,6.90,5.60,2.82,5.64,4.59,1.62,2.14,-.17,-1.88,2.81,4.14,6.38,7.49,6.44,3.95,4.37,1.09,-2.04,.96,4.28,3.50,4.40,4.81,3.91,3.82,1.94,.77,-.93,1.79,.78,1.63,2.51,.32,-3.12,1.74,-1.70,-4.06,-.92,.79,1.79,2.02,3.51,2.64,2.16,-8.30,5.50,6.73,2.55,1.89,3.19,2.07,1.90,1.70,1.50,1.30,1.10,1.10,1.10
Spain,4.65,8.15,7.79,5.62,.54,3.30,2.84,1.46,.04,2.21,-.13,1.25,1.77,1.78,2.32,3.25,5.55,5.09,4.83,3.78,2.55,.93,-1.03,2.38,2.76,2.66,3.70,4.39,4.49,5.25,3.93,2.73,2.98,3.12,3.65,4.10,3.60,.89,-3.76,.16,-.81,-2.96,-1.44,1.38,3.84,3.03,2.89,2.35,1.98,-11.33,5.52,5.45,2.11,1.41,2.12,2.26,1.90,1.70,1.70,1.60,1.50,1.50,1.50
Sweden,.94,2.29,3.97,3.20,2.55,1.06,-1.60,1.75,3.84,1.70,.45,1.25,1.90,4.23,2.16,2.69,3.35,2.56,2.65,.75,-1.15,-1.16,-2.07,3.93,3.94,1.58,3.07,4.31,4.25,4.77,1.45,2.20,2.31,4.34,2.86,4.66,3.44,-.45,-4.34,5.95,3.20,-.59,1.19,2.66,4.49,2.07,2.57,1.95,1.19,-2.33,5.16,2.71,-1.02,.95,1.85,1.93,1.90,1.80,1.70,1.60,1.60,1.60,1.60
United Kingdom,3.50,4.32,6.52,-2.48,-1.47,2.91,2.46,4.20,3.75,-2.03,-.79,1.99,4.22,2.27,4.15,3.15,5.39,5.73,2.58,.73,-1.10,.40,2.49,3.85,2.53,2.49,3.85,3.64,3.43,3.44,2.97,2.32,3.29,2.37,3.18,2.79,2.43,-.28,-4.25,1.95,1.54,1.48,2.14,2.61,2.36,1.92,1.89,1.34,1.41,-11.03,7.60,4.10,.24,.63,1.22,1.40,1.40,1.40,1.40,1.40,1.20,1.20,1.20
Recently acceded countries,31.84,5.08,12.25,6.07,6.26,6.17,6.16,5.00,4.04,4.66,-1.42,.91,4.11,4.48,2.24,3.12,2.61,2.89,.19,-4.19,-9.81,-4.57,.88,3.47,4.93,4.44,2.38,2.77,2.01,4.08,3.06,3.60,4.07,5.82,4.99,6.56,6.39,3.93,-3.51,1.52,3.20,.75,1.18,3.01,3.95,3.14,4.82,4.44,3.70,-3.42,6.27,4.31,.70,2.92,3.29,3.05,2.82,2.63,2.54,2.40,2.27,2.27,2.27
Bulgaria,,,,,,,,,,,4.90,2.33,3.43,3.40,2.68,4.21,6.05,10.94,-3.29,-9.12,-8.45,-7.27,-1.48,1.82,2.86,5.14,-14.19,4.29,-8.28,4.78,3.82,5.95,5.15,6.44,7.15,6.80,6.56,6.09,-3.42,.57,2.35,.36,.32,1.89,3.99,3.81,3.51,3.08,3.37,-4.02,7.11,3.79,.70,2.72,3.33,3.62,3.10,2.90,2.50,2.40,2.40,2.40,2.40
Croatia,5.14,2.54,2.61,2.61,2.62,2.63,7.70,7.88,5.83,4.09,2.40,1.29,3.57,5.14,4.92,.68,2.92,-1.85,2.15,13.11,-21.09,-11.71,10.45,.50,.31,5.83,6.75,2.00,-.82,3.28,3.35,5.12,5.64,4.16,4.31,5.00,5.27,1.76,-7.36,-1.50,-.31,-2.24,-.55,-.10,2.44,3.48,3.14,2.69,2.94,-8.58,13.07,6.33,1.31,2.61,2.55,2.51,2.40,2.30,2.20,2.10,2.20,2.20,2.20
Cyprus,,,,,,20.27,16.36,7.78,9.91,5.75,2.52,6.02,5.58,8.76,4.88,3.70,7.07,8.65,7.95,7.40,.74,9.40,.70,5.90,8.36,1.25,2.64,6.11,5.00,5.97,3.95,3.72,2.62,5.03,4.85,4.71,5.10,3.65,-2.02,2.01,.40,-3.45,-6.55,-1.86,3.37,6.75,4.36,4.06,3.23,-4.37,6.63,5.63,2.12,2.68,3.24,2.89,2.70,2.50,2.30,2.10,2.10,2.10,2.10
Czech Republic,,3.09,3.09,3.09,3.09,3.09,3.09,3.09,3.09,3.09,3.09,3.09,3.09,3.09,3.09,3.09,3.09,3.09,3.09,-1.44,-11.61,-.51,.06,2.91,6.22,4.22,-.59,-.33,1.43,4.27,2.91,1.65,3.60,4.91,6.53,6.85,5.60,2.68,-4.80,2.27,1.78,-.80,-.48,2.72,5.31,2.45,4.35,2.85,2.57,-5.52,3.50,2.46,.05,2.78,2.95,2.71,2.50,2.30,2.10,1.90,1.70,1.70,1.70
Estonia,3.09,3.09,3.09,3.09,3.09,3.09,3.09,3.09,3.09,-1.22,1.43,5.70,3.70,2.80,.50,1.10,3.51,2.86,3.07,-7.00,-8.00,-21.17,-8.51,-1.64,4.53,4.94,13.05,4.33,-.40,10.11,5.98,6.80,7.57,6.77,9.49,9.72,7.57,-5.09,-14.43,2.69,7.44,3.12,1.35,2.99,1.84,2.63,5.75,4.76,4.33,-.47,8.00,-1.07,-1.31,2.93,3.66,2.80,2.90,3.00,3.10,3.20,3.30,3.30,3.30
Hungary,6.23,6.14,6.86,5.86,6.21,3.55,7.65,4.45,2.68,.21,2.88,2.83,.73,2.65,-.25,1.57,4.00,2.13,.76,-3.52,-5.18,-3.06,-.58,2.95,1.49,.08,3.14,3.90,3.07,4.48,4.07,4.74,4.08,4.82,4.24,4.03,.24,1.06,-6.70,.66,1.82,-1.47,1.96,4.20,3.85,2.20,4.32,5.09,4.93,-4.75,7.20,4.59,-.96,3.19,1.54,1.73,1.80,1.80,1.80,1.80,1.80,1.80,1.80
Latvia,7.74,5.14,5.79,4.87,6.88,5.62,3.20,3.28,3.04,4.08,4.23,2.35,5.22,5.75,-.38,4.71,2.34,5.10,5.69,-2.83,-12.66,-31.54,-12.01,2.14,-8.64,2.55,8.94,6.37,2.83,5.60,6.32,7.12,8.44,8.34,10.74,11.89,10.01,-3.35,-14.24,-4.47,6.29,4.13,2.33,1.92,3.26,1.77,3.79,4.28,2.20,-2.27,4.00,2.82,.66,2.69,3.34,2.59,2.60,2.60,2.60,2.60,2.60,2.60,2.60
Lithuania,3.09,3.09,3.09,3.09,3.09,3.09,3.09,3.09,3.09,3.09,3.09,3.09,3.09,3.09,3.09,3.09,3.09,3.09,3.09,2.09,-5.68,-21.26,-16.23,-9.77,1.32,5.15,8.29,7.47,-1.13,3.83,6.52,6.76,10.54,6.55,7.73,7.41,11.09,2.63,-14.81,1.48,6.03,3.83,3.56,3.51,2.03,2.56,4.25,3.64,3.93,.09,5.88,1.91,-.79,2.50,2.60,3.17,3.00,2.70,2.30,2.00,1.70,1.70,1.70
Malta,2.45,5.84,4.15,10.04,19.56,17.02,12.18,11.16,10.49,7.05,3.31,2.28,-.61,.94,2.59,3.89,4.11,8.41,8.18,6.29,6.26,4.69,4.48,5.65,6.34,3.78,5.26,5.13,4.72,6.77,.61,2.98,2.54,.44,3.78,1.83,3.99,3.35,-2.46,3.54,1.36,2.79,4.84,8.79,10.86,5.83,6.47,7.31,4.38,-8.61,11.81,6.85,3.47,3.77,4.45,3.78,3.10,2.90,2.80,2.70,2.60,2.60,2.60
Poland,7.42,4.68,4.18,7.11,5.94,7.93,7.09,5.40,3.85,-6.00,-9.97,-4.77,5.56,5.64,3.64,4.23,1.96,4.13,.16,-11.55,-7.02,2.51,3.74,5.29,6.95,6.06,6.46,4.61,4.64,4.56,1.25,2.04,3.56,5.14,3.49,6.18,7.04,4.25,2.82,3.61,5.02,1.61,1.39,3.32,3.84,3.06,4.94,5.35,4.15,-2.04,6.80,5.44,.77,3.11,3.91,3.61,3.20,2.90,2.90,2.70,2.50,2.50,2.50
Romania,13.00,10.62,10.40,12.32,10.32,11.11,8.42,7.28,6.33,4.26,.11,3.94,6.05,5.97,-.10,2.34,.83,-.50,-5.79,-4.97,-12.92,-8.77,1.53,3.93,6.23,3.91,-4.85,-2.03,-.38,2.46,5.22,5.70,2.34,10.43,4.67,8.03,7.23,9.31,-5.52,-3.90,2.01,2.08,3.51,3.41,3.87,4.80,7.11,4.44,4.08,-3.18,5.90,4.45,2.39,2.90,3.30,3.02,2.90,2.80,2.70,2.60,2.40,2.40,2.40
Slovakia,,,,3.09,3.09,3.09,3.09,3.09,3.09,3.09,3.09,3.09,3.09,3.16,3.50,4.17,2.46,1.94,1.21,-7.44,-14.57,-2.38,1.90,6.21,5.84,6.62,5.93,4.08,-.11,1.17,3.25,4.51,5.50,5.28,6.62,8.49,10.83,5.57,-5.46,5.72,2.86,1.90,.67,2.75,4.82,2.12,3.05,3.90,2.40,-3.37,3.01,1.67,.30,2.52,3.96,2.89,2.70,2.50,2.30,2.10,2.10,2.10,2.10
Slovenia,3.09,3.09,3.09,3.09,3.09,3.09,3.09,3.09,3.09,3.09,3.09,3.09,3.09,3.09,3.09,3.09,3.09,3.09,3.09,28.44,-8.90,-5.46,2.84,5.33,4.11,3.20,5.05,3.28,5.33,3.67,3.22,3.51,2.96,4.36,3.80,5.75,6.98,3.51,-7.55,1.34,.86,-2.64,-1.03,2.77,2.21,3.12,4.83,4.12,2.44,-4.92,8.28,5.70,1.14,2.24,2.15,2.21,2.20,2.20,2.20,2.20,2.40,2.40,2.40
Other Europe,4.40,3.66,3.39,2.14,-3.68,.80,2.98,1.57,3.05,4.44,1.72,-.55,1.67,3.83,4.13,2.63,1.76,2.08,5.55,1.58,-.70,-.63,-.38,2.47,1.94,2.64,3.65,3.08,1.67,3.80,1.81,.89,.61,3.53,3.17,3.54,3.94,1.82,-2.09,2.03,1.47,1.48,1.65,2.13,1.66,1.68,2.04,2.37,1.19,-2.36,4.38,2.61,1.03,1.43,1.65,1.69,1.65,1.65,1.58,1.54,1.50,1.51,1.51
Other Western Europe,4.53,3.74,3.45,2.10,-4.14,.65,3.00,1.48,3.08,4.60,1.63,-.80,1.62,3.97,4.27,2.62,1.73,2.08,3.22,3.10,.33,1.06,.86,2.55,1.72,2.15,3.44,2.91,1.84,3.68,1.62,.64,.39,3.29,2.98,3.42,3.79,1.54,-2.12,2.07,1.44,1.61,1.59,2.27,1.61,1.57,2.03,2.25,1.03,-2.36,4.15,2.58,.98,1.33,1.49,1.50,1.48,1.48,1.40,1.37,1.33,1.34,1.34
Iceland,13.06,6.18,6.81,5.71,.65,5.96,8.82,6.02,4.86,5.75,4.27,2.15,-2.15,4.13,3.29,6.27,8.55,-.09,.26,1.17,-.22,-3.37,1.31,3.61,.12,4.57,5.76,7.10,4.04,4.89,3.90,.68,2.27,8.04,6.33,5.25,9.37,1.99,-6.78,-3.44,1.88,1.30,4.13,2.08,4.75,6.63,4.55,3.81,1.92,-7.24,4.33,6.44,3.31,1.84,2.32,2.40,2.40,2.40,2.40,2.40,2.50,2.50,2.50
Norway,5.67,5.33,4.53,3.92,4.95,5.83,4.16,3.87,4.37,4.56,1.60,.24,3.97,6.05,5.55,4.04,1.75,-.26,1.04,1.93,3.08,3.57,2.85,5.06,4.16,5.03,5.28,2.62,2.01,3.20,2.07,1.45,.91,3.97,2.63,2.40,2.99,.48,-1.73,.70,.98,2.70,1.03,1.97,1.97,1.07,2.32,1.29,1.15,-1.85,4.00,3.20,1.38,1.53,2.04,1.90,1.90,1.90,1.70,1.60,1.50,1.50,1.50
Switzerland,4.08,3.20,3.05,1.45,-7.28,-1.40,2.43,.41,2.49,4.60,1.60,-1.31,.64,3.01,3.67,1.86,1.59,3.28,4.33,3.67,-.92,-.04,-.13,1.27,.48,.54,2.34,2.99,1.69,3.94,1.31,.16,.04,2.78,3.12,3.99,4.11,2.15,-2.22,3.00,1.69,1.01,1.85,2.45,1.33,1.72,1.80,2.75,.93,-2.51,4.22,2.13,.69,1.20,1.15,1.25,1.20,1.20,1.20,1.20,1.20,1.20,1.20
Other Central Europe,2.65,2.66,2.66,2.66,2.67,2.67,2.65,2.70,2.67,2.34,2.86,2.56,2.35,2.09,2.43,2.85,2.15,2.09,34.45,-12.90,-12.29,-22.53,-21.35,.71,6.59,12.84,7.82,6.12,-1.37,5.87,5.11,5.26,4.18,7.39,6.11,5.28,6.26,5.83,-1.69,1.48,1.91,-.35,2.51,.11,2.38,3.23,2.20,3.99,3.48,-2.33,7.41,2.97,1.64,2.75,3.61,4.02,3.79,3.62,3.52,3.43,3.36,3.37,3.37
Albania,4.00,4.01,4.02,3.97,4.05,4.03,3.83,4.30,3.96,.96,5.75,2.95,1.10,-1.25,1.78,5.64,-.79,-1.42,9.84,-9.58,-28.00,-7.19,9.56,8.30,13.32,9.10,-10.92,8.83,12.89,6.95,8.29,4.54,5.53,5.51,5.53,5.90,5.98,7.50,3.35,3.71,2.55,1.42,1.00,1.77,2.22,3.31,3.80,4.07,2.21,-3.30,8.91,4.84,2.60,3.30,4.00,4.30,3.50,2.80,2.60,2.40,2.40,2.40,2.40
Bosnia and Herzegovina,3.09,3.09,3.09,3.09,3.09,3.09,3.09,3.09,3.09,3.09,3.09,3.09,3.09,3.09,3.09,3.09,3.09,3.09,3.09,37.87,-9.35,-6.44,-2.18,-16.88,20.80,88.96,34.39,15.60,9.60,5.50,4.40,5.30,4.00,6.10,8.76,5.42,5.86,5.43,-3.00,.77,.91,-.70,2.35,1.15,3.09,3.15,2.12,3.72,2.58,-3.29,7.13,3.97,1.82,2.65,3.22,3.41,3.40,3.40,3.40,3.40,3.30,3.30,3.30
"Macedonia, North",2.04,2.04,2.04,2.04,2.04,2.04,2.04,2.04,2.04,2.04,2.04,2.04,2.04,2.04,2.04,2.04,2.04,2.04,2.04,2.80,-6.17,-6.57,-7.47,-1.76,-1.11,1.19,1.44,3.38,4.34,4.55,-3.07,1.49,2.22,4.67,4.72,5.14,6.47,5.47,-.36,3.36,2.34,-.46,2.93,3.63,3.86,2.85,1.08,2.72,3.55,-5.44,5.51,2.15,1.10,3.00,3.20,3.02,3.00,2.90,2.80,2.70,2.70,2.70,2.70
Serbia,2.56,2.56,2.56,2.56,2.56,2.56,2.56,2.56,2.56,2.56,2.56,2.56,2.56,2.56,2.56,2.56,2.56,2.56,46.24,-17.75,-11.66,-28.14,-30.43,2.59,5.69,6.26,7.21,3.34,-9.42,6.13,6.88,6.38,4.39,9.03,5.53,5.11,6.44,5.66,-2.73,.73,2.04,-.68,2.89,-1.59,1.78,3.34,2.05,4.39,4.19,-.90,7.55,2.25,1.42,2.57,3.73,4.41,4.20,4.10,4.00,3.90,3.80,3.80,3.80
Former Soviet Union,4.55,2.87,6.39,4.37,2.79,5.33,4.62,4.60,3.33,4.45,4.70,6.49,4.27,3.83,1.71,3.17,3.03,5.17,2.32,-2.85,-5.84,-14.00,-9.34,-13.61,-5.21,-3.47,1.42,-3.82,5.54,9.25,5.97,5.15,7.56,7.86,6.88,8.82,8.89,5.33,-6.27,4.96,4.79,3.97,2.53,1.21,-1.42,.65,2.37,3.00,2.19,-2.45,5.45,-1.87,.67,2.41,2.54,2.17,2.20,2.22,2.25,2.29,2.26,2.28,2.30
Russia,5.21,2.82,7.72,4.80,2.63,6.17,5.16,5.10,3.35,4.90,5.30,7.64,4.66,4.05,1.40,3.40,2.10,5.60,2.40,-3.00,-5.05,-14.53,-8.67,-12.57,-4.14,-3.76,1.40,-5.30,6.40,10.00,5.10,4.70,7.30,7.20,6.40,8.20,8.50,5.20,-7.80,4.50,4.30,4.02,1.76,.74,-1.97,.19,1.83,2.54,1.34,-2.65,5.61,-2.07,-.56,1.46,1.56,1.18,1.30,1.40,1.50,1.60,1.60,1.60,1.60
Ukraine,3.09,3.09,3.09,3.09,3.09,3.09,3.09,3.09,3.09,3.09,3.09,3.09,3.09,3.09,3.09,3.09,5.46,2.57,3.87,-6.35,-8.41,-9.70,-14.23,-22.93,-12.20,-10.00,-3.00,-1.90,-.20,5.90,9.20,5.25,9.52,12.11,3.00,7.44,7.59,2.30,-14.76,3.83,5.47,.24,-.03,-6.55,-9.77,2.24,2.47,3.41,3.23,-3.75,3.45,-29.18,3.58,9.59,11.49,8.32,8.00,7.70,7.40,7.10,6.80,6.80,6.80
Other Former Soviet Union,2.88,2.91,3.19,3.38,3.29,3.20,3.28,3.34,3.35,3.31,2.98,3.24,3.14,3.20,2.34,2.08,6.15,4.82,.83,.39,-8.04,-14.13,-9.38,-12.84,-6.65,1.56,3.67,2.54,4.11,7.14,8.75,7.16,7.95,9.05,10.63,11.95,10.96,6.92,2.69,6.90,6.31,4.83,5.82,4.67,2.18,1.70,3.93,4.25,4.36,-1.64,5.39,3.75,3.43,3.85,3.72,3.62,3.42,3.20,3.08,2.98,2.88,2.89,2.90
Armenia,3.09,3.09,3.09,3.09,3.09,3.09,3.09,3.09,3.09,3.09,3.09,3.09,3.09,3.09,3.09,3.09,3.09,3.09,3.09,-3.07,-11.70,-41.80,-8.80,5.40,6.90,5.87,3.32,7.30,3.30,5.90,9.60,13.20,14.00,10.50,13.90,13.20,13.70,6.90,-14.10,2.20,4.70,7.20,3.30,3.60,3.20,.20,7.50,5.20,7.60,-7.16,5.70,12.60,7.19,5.26,4.93,4.59,4.70,4.80,4.90,5.00,5.00,5.00,5.00
Azerbaijan,3.09,3.09,3.09,3.09,3.09,3.09,3.09,3.09,3.09,3.09,3.09,3.09,3.09,3.09,3.09,3.09,3.09,3.25,-4.39,-9.54,-.70,-22.60,-23.10,-19.70,-11.80,1.30,5.80,10.00,7.40,11.10,9.90,9.44,10.21,9.25,27.96,34.47,25.46,10.59,9.37,4.79,-1.57,2.20,5.84,2.80,1.05,-3.06,.15,1.50,2.22,-4.20,5.62,4.62,2.00,2.26,2.37,2.40,2.20,2.10,2.00,1.80,1.70,1.70,1.70
Belarus,3.09,3.09,3.09,3.09,3.09,3.09,3.09,3.09,3.09,3.09,3.09,3.09,3.09,3.09,3.09,3.09,3.09,3.09,3.09,3.09,-1.20,-9.60,-7.60,-11.70,-10.40,2.80,11.40,8.40,3.40,5.80,4.73,5.05,7.04,11.45,9.40,10.00,8.60,10.20,.20,7.80,5.38,1.69,1.00,1.73,-3.83,-2.53,2.53,3.15,1.22,-.67,2.27,-4.54,-2.43,1.16,1.61,1.58,1.70,1.80,1.90,2.00,2.10,2.10,2.10
Georgia,2.47,2.84,6.48,8.81,7.38,6.10,6.90,7.43,7.37,4.58,5.27,2.00,4.30,5.43,4.94,-8.18,1.28,5.56,-7.20,-14.79,-21.10,-44.90,-29.30,-10.40,2.60,11.20,10.52,3.10,2.87,1.84,4.81,5.47,11.06,5.79,9.59,9.42,12.58,2.42,-3.65,6.25,7.40,6.37,3.62,4.43,3.02,2.91,4.84,4.87,5.14,-6.76,10.36,10.17,4.92,3.75,3.75,2.30,2.40,2.50,2.60,2.70,2.80,2.80,2.80
Kazakhstan,3.09,3.09,3.09,3.09,3.09,3.09,3.09,3.09,3.09,3.09,3.09,3.09,3.09,3.09,3.09,3.09,3.09,3.09,3.09,1.46,-11.00,-5.30,-9.20,-12.60,-8.20,.50,1.70,-1.90,2.70,9.80,13.50,9.80,9.30,9.60,9.70,10.70,8.90,3.30,1.20,7.30,7.40,4.80,6.00,4.20,1.20,1.10,4.10,4.10,4.50,-2.50,4.30,3.30,3.44,3.90,3.68,3.38,3.20,3.00,2.80,2.60,2.40,2.40,2.40
Kyrgyzstan,3.09,3.09,3.09,3.09,3.09,3.09,3.09,3.09,3.09,3.09,3.09,3.09,3.09,3.09,3.09,5.90,3.30,13.20,2.79,5.70,-7.94,-13.84,-15.46,-20.09,-5.42,7.08,9.92,2.12,3.66,5.44,5.32,-.02,7.03,7.03,-.18,3.10,8.54,8.40,2.89,-.47,5.96,-.09,10.92,4.02,3.88,4.34,4.74,3.76,4.51,-8.40,6.17,7.02,4.41,4.28,3.69,3.16,3.20,3.30,3.40,3.50,3.60,3.60,3.60
Moldova,3.09,3.09,3.09,3.09,3.09,3.09,3.09,3.09,3.09,7.66,-.71,11.73,4.36,3.36,-5.29,7.91,1.20,1.69,5.03,-1.63,-17.48,-29.05,-1.17,-30.92,-1.32,-5.88,1.65,-6.54,-3.37,2.11,6.10,7.80,6.60,7.40,7.50,4.80,3.00,7.80,-6.00,7.10,5.82,-.59,9.04,5.00,-.34,4.41,4.69,4.30,3.46,-7.38,13.94,-6.10,1.56,3.83,3.60,3.79,3.70,3.60,3.50,3.40,3.30,3.30,3.30
Tajikistan,2.04,2.04,2.04,2.04,2.04,2.04,2.04,2.04,2.04,2.04,2.04,2.04,2.04,2.04,-8.85,3.50,-1.20,13.90,-6.50,-.60,-7.10,-29.00,-16.40,-21.30,-12.42,-16.70,1.68,5.31,3.70,8.32,9.58,10.84,10.93,10.37,6.64,7.05,7.76,7.91,3.89,6.52,7.40,7.49,7.40,6.71,6.01,6.87,7.62,7.30,7.01,4.50,9.20,8.00,5.66,4.38,3.65,3.44,3.30,3.20,3.10,3.10,3.00,3.00,3.00
Turkmenistan,3.09,3.09,3.09,3.09,3.09,3.09,3.09,3.09,3.09,3.09,3.09,3.09,3.09,3.09,3.09,3.09,34.59,11.02,-4.26,35.38,-4.61,-14.97,1.50,-17.30,-7.20,6.70,-11.40,7.10,16.50,5.47,4.34,.26,3.27,5.00,13.03,10.97,11.06,14.70,6.10,9.20,14.70,11.10,10.20,10.30,6.50,6.20,6.50,6.20,6.25,.78,5.00,6.20,6.53,5.31,4.12,4.63,4.00,2.90,2.60,2.50,2.40,2.40,2.40
Uzbekistan,2.04,2.04,2.04,2.04,2.04,2.04,2.04,2.04,2.04,2.04,2.04,2.04,2.04,2.04,2.04,2.04,27.59,9.14,3.09,1.60,-.49,-11.20,-2.30,-5.20,-.90,1.70,5.20,4.30,4.30,3.83,4.16,3.97,4.23,7.45,6.95,7.45,9.47,9.03,8.05,7.60,7.78,7.38,7.58,7.18,7.45,6.09,4.46,5.45,5.56,1.89,7.42,5.70,4.73,4.81,5.03,5.18,4.80,4.60,4.50,4.40,4.30,4.30,4.30
Asia and Oceania,4.82,6.24,7.25,1.27,3.88,4.13,5.42,5.81,5.56,4.07,4.79,4.19,4.58,6.04,5.54,4.92,6.10,7.69,5.11,5.11,4.58,4.40,4.28,5.35,5.87,5.73,4.14,.92,4.17,5.33,3.34,4.37,5.18,6.10,6.06,6.66,7.55,4.31,3.08,7.74,5.47,5.27,5.33,4.97,4.86,4.90,5.32,4.83,4.19,-.90,6.54,3.15,4.16,4.44,4.24,4.16,4.05,3.98,3.97,3.75,3.56,3.58,3.59
Asia,4.96,6.61,7.89,.77,4.38,4.43,5.89,6.56,5.80,4.25,4.97,4.37,5.39,6.23,5.65,5.05,6.56,8.03,5.31,5.34,5.12,4.79,4.26,5.47,6.07,5.91,4.19,.63,4.09,5.49,3.47,4.40,5.37,6.29,6.32,7.00,7.87,4.41,3.19,8.18,5.69,5.38,5.53,5.12,5.02,5.03,5.51,4.94,4.33,-.84,6.62,3.13,4.32,4.55,4.32,4.23,4.12,4.05,4.05,3.82,3.62,3.64,3.66
Asia less Japan,5.38,3.75,7.65,4.07,6.42,5.12,8.14,8.42,6.24,6.26,6.01,5.77,7.82,8.39,6.15,7.12,8.68,9.41,5.81,5.83,6.93,8.85,8.83,9.38,8.75,8.04,6.44,1.84,6.99,7.18,5.30,6.85,7.43,8.36,8.55,9.49,10.45,6.51,6.23,9.44,7.43,6.46,6.47,6.33,5.93,6.07,6.24,5.91,5.05,-.18,7.41,3.49,4.87,5.09,4.84,4.73,4.59,4.49,4.47,4.20,3.98,3.99,4.00
East Asia,5.39,7.88,8.40,-.21,4.05,4.04,5.47,6.60,6.14,3.54,4.70,4.45,5.39,6.83,6.68,5.25,7.02,8.10,4.94,5.00,5.35,4.42,3.75,5.04,5.66,5.58,4.20,1.30,3.69,5.56,3.54,4.40,5.07,6.01,6.22,7.00,8.12,4.63,2.86,8.20,5.83,5.25,5.53,4.98,4.85,4.72,5.36,4.77,4.35,.37,6.80,2.45,4.29,4.31,4.00,3.88,3.77,3.71,3.72,3.44,3.21,3.22,3.24
East Asia less Japan,8.18,5.78,9.88,3.79,7.64,4.26,9.34,11.15,8.27,5.83,6.19,7.88,10.76,13.11,10.26,9.83,12.13,10.86,5.10,5.21,9.23,11.18,11.08,11.25,9.74,8.82,8.07,4.10,8.03,8.38,6.56,8.29,8.05,9.01,9.59,10.83,12.17,7.88,7.17,10.04,8.42,6.76,6.88,6.66,6.09,6.10,6.34,6.09,5.39,1.63,7.95,2.79,5.05,5.00,4.66,4.50,4.35,4.26,4.26,3.91,3.64,3.65,3.65
China,7.06,3.81,7.76,2.31,8.72,-1.57,7.57,11.33,7.60,7.81,5.17,8.93,10.84,15.14,13.44,8.94,11.69,11.23,4.19,3.91,9.29,14.22,13.87,13.05,10.95,9.93,9.23,7.84,7.67,8.49,8.34,9.13,10.04,10.11,11.40,12.72,14.23,9.65,9.40,10.64,9.55,7.86,7.77,7.42,7.04,6.85,6.95,6.75,6.11,2.21,8.45,3.00,5.52,5.30,5.00,4.86,4.70,4.60,4.60,4.20,3.90,3.90,3.90
Hong Kong,7.29,10.61,12.28,2.42,.49,16.16,11.73,8.26,11.56,10.11,9.26,2.95,5.98,9.97,.76,11.06,13.40,8.51,2.28,3.83,5.70,6.23,6.20,6.04,2.37,4.26,5.10,-5.88,2.51,7.66,.56,1.66,3.06,8.70,7.39,7.03,6.46,2.13,-2.46,6.77,4.81,1.70,3.10,2.76,2.39,2.17,3.79,2.86,-1.19,-6.54,6.45,-3.51,5.24,3.25,2.81,2.12,2.00,1.90,1.80,1.70,1.50,1.50,1.50
Japan,4.70,8.41,8.03,-1.23,3.09,3.97,4.39,5.27,5.48,2.82,4.21,3.31,3.52,4.50,5.23,3.33,4.73,6.79,4.86,4.89,3.42,.85,-.52,.99,2.74,3.10,1.08,-1.13,-.25,2.78,.41,.12,1.53,2.20,1.66,1.42,1.65,-1.09,-5.42,4.19,-.12,1.50,2.00,.37,1.22,.52,2.17,.32,.65,-4.33,2.24,1.02,1.08,1.24,1.00,.92,.90,.90,.90,.90,.80,.80,.80
Korea,10.55,7.21,14.90,9.51,7.84,13.22,12.34,10.95,8.67,-1.65,7.25,8.34,13.38,10.55,7.84,11.33,12.72,11.99,7.07,9.88,10.78,6.20,6.88,9.27,9.61,7.89,6.17,-5.13,11.47,9.06,4.85,7.73,3.15,5.20,4.31,5.26,5.80,3.01,.79,6.80,3.69,2.40,3.16,3.20,2.81,2.95,3.16,2.66,2.03,-.71,4.15,2.58,1.55,2.63,2.24,2.13,2.00,1.90,1.80,1.80,1.70,1.70,1.70
Taiwan,13.43,13.87,12.83,2.67,6.19,14.28,11.41,13.56,8.83,8.04,7.11,4.80,9.04,10.05,4.81,11.52,12.70,8.02,8.75,3.62,8.37,8.31,6.81,7.50,6.50,6.18,6.05,4.20,6.73,6.31,-1.40,5.48,4.22,6.95,5.38,5.77,6.85,.80,-1.61,10.25,3.67,2.22,2.48,4.72,1.47,2.17,3.31,2.75,2.71,3.39,6.53,2.45,1.15,3.27,2.26,2.01,2.00,2.00,2.00,1.90,1.90,1.90,1.90
Other East Asia,5.66,5.30,7.06,5.51,6.27,5.41,6.69,6.61,5.53,6.25,6.89,13.59,8.69,7.68,2.25,7.54,10.82,7.00,4.78,4.71,.32,7.74,3.45,3.84,3.88,.10,.55,-2.94,-1.17,4.69,2.90,8.01,10.65,23.41,7.91,12.43,13.70,4.35,.85,21.92,21.00,9.70,11.27,.20,-17.63,-.33,8.94,5.81,-2.70,-43.25,12.71,-16.16,31.36,23.29,13.07,8.18,5.15,3.25,3.24,3.19,3.07,3.07,3.08
Macau,6.16,6.16,6.16,6.16,6.16,6.16,6.16,6.16,6.16,6.16,6.16,16.22,10.02,8.46,.73,6.69,14.29,7.81,5.02,7.98,3.66,13.30,5.19,4.25,3.30,-.42,-.28,-4.57,-2.36,5.75,2.89,8.95,11.65,26.76,8.06,13.31,14.45,3.39,1.32,25.26,21.67,9.24,11.20,-1.20,-21.59,-.72,9.89,5.44,-4.71,-54.24,19.27,-26.76,50.32,32.01,15.93,9.08,5.20,2.70,2.70,2.70,2.60,2.60,2.60
Mongolia,4.69,3.61,8.91,4.22,6.51,3.90,7.79,7.52,4.26,6.44,8.38,8.34,5.83,5.93,5.71,9.38,3.46,5.11,4.18,-3.18,-8.69,-9.26,-3.17,2.13,6.38,2.24,3.90,3.34,3.07,1.15,2.95,4.73,7.00,10.63,7.25,8.56,10.25,8.90,-1.27,6.37,17.29,12.32,11.65,7.89,2.38,1.17,5.34,7.25,5.10,-4.56,1.64,4.85,5.10,6.02,6.00,5.76,5.00,4.80,4.70,4.50,4.30,4.30,4.30
Southeast Asia,6.63,6.41,8.14,5.84,4.38,8.69,8.34,6.62,7.37,6.42,5.43,3.96,4.13,3.59,.49,4.10,5.86,7.83,8.37,7.48,6.20,6.35,7.11,7.53,7.86,7.35,4.05,-7.20,3.49,5.98,2.85,5.01,5.67,6.54,5.73,6.09,6.66,4.35,2.08,7.81,4.85,6.03,5.04,4.60,4.75,4.84,5.32,5.09,4.26,-3.70,3.37,5.53,4.26,4.67,4.69,4.62,4.52,4.43,4.36,4.26,4.22,4.23,4.23
Cambodia,5.04,5.04,5.04,5.04,5.04,5.04,5.04,5.04,5.04,5.04,5.04,5.04,5.04,5.04,5.04,5.04,5.04,11.98,3.48,1.16,7.59,7.02,2.54,-34.81,9.90,5.90,4.01,4.68,12.71,10.71,7.45,6.58,8.51,10.34,13.25,10.77,10.21,6.69,.09,5.96,7.07,7.31,7.36,7.14,7.04,7.03,6.83,7.47,7.05,-3.10,3.03,5.00,5.60,6.10,6.40,6.50,6.30,6.20,6.20,6.10,6.00,6.00,6.00
Indonesia,7.02,7.04,8.10,7.63,4.98,6.89,8.76,6.77,7.32,9.88,7.93,2.25,4.19,6.98,2.46,5.88,4.93,5.78,7.46,7.24,6.91,6.50,6.50,7.54,8.22,7.82,4.70,-13.13,.79,4.92,3.64,4.50,4.78,5.03,5.69,5.50,6.35,6.01,4.63,6.22,6.17,6.03,5.56,5.01,4.88,5.03,5.07,5.17,5.02,-2.07,3.70,5.31,4.69,4.80,5.04,5.03,5.00,4.90,4.80,4.70,4.70,4.70,4.70
Malaysia,10.03,9.39,11.70,8.32,.80,11.56,7.75,6.65,9.35,7.44,6.94,5.94,6.25,7.76,-1.03,1.24,5.19,9.94,9.06,9.01,9.55,8.89,9.89,9.21,9.83,10.00,7.32,-7.36,6.14,8.86,.52,5.39,5.79,6.78,5.33,5.58,6.30,4.83,-1.51,7.42,5.29,5.47,4.69,6.01,5.09,4.45,5.74,4.74,4.33,-5.69,3.21,8.76,3.36,4.41,4.53,4.29,4.20,4.10,4.00,3.90,4.00,4.00,4.00
Myanmar,4.13,2.44,-.97,5.34,4.15,6.08,5.95,6.52,5.20,7.94,6.36,5.60,4.39,4.93,2.85,-1.06,-4.01,-11.35,3.70,2.82,-.65,9.66,6.04,7.48,6.95,6.44,5.65,5.87,10.95,13.75,11.34,12.03,13.84,13.56,13.57,13.08,11.99,10.26,10.55,9.63,5.59,7.33,8.43,7.99,6.99,5.75,6.40,6.75,2.89,3.17,-17.98,2.60,3.00,2.50,2.60,2.56,2.50,2.50,2.40,2.40,2.30,2.30,2.30
Philippines,5.43,5.45,8.92,3.56,5.56,8.81,5.60,5.17,5.64,5.15,3.42,3.62,1.87,-7.32,-7.31,3.42,4.31,6.75,6.21,3.04,-.58,.34,2.12,4.39,4.68,5.85,5.19,-.58,3.08,4.41,3.05,3.72,5.09,6.57,4.94,5.32,6.52,4.34,1.45,7.33,3.86,6.90,6.75,6.35,6.35,7.15,6.93,6.34,6.04,-9.34,5.55,7.67,5.87,5.98,5.70,5.32,4.90,4.70,4.60,4.40,4.40,4.40,4.40
Thailand,4.90,4.28,10.24,4.47,4.97,9.33,9.84,10.30,5.37,5.17,5.91,5.35,5.58,5.75,4.65,5.53,9.52,13.29,12.19,11.17,8.56,8.08,8.25,8.00,8.12,5.65,-2.75,-7.63,4.57,4.46,3.44,6.15,7.19,6.29,4.19,4.97,5.44,1.73,-.69,7.51,.84,7.24,2.69,.98,3.13,3.43,4.07,4.15,2.37,-6.16,1.59,2.59,3.44,3.71,3.63,3.53,3.40,3.30,3.20,3.10,3.00,3.00,3.00
Vietnam,3.80,1.96,-1.42,2.48,2.99,11.00,13.56,1.77,6.72,-3.60,-2.10,-1.20,-1.10,-1.00,3.81,2.79,3.58,5.14,7.36,5.10,5.96,8.65,8.07,8.84,9.54,9.34,8.15,5.76,4.77,6.79,6.19,6.32,6.90,7.54,7.55,6.98,7.13,5.66,5.40,6.42,6.24,5.25,5.42,5.98,6.68,6.21,6.81,7.08,7.02,2.87,2.56,8.02,6.31,6.76,6.57,6.58,6.50,6.40,6.30,6.20,5.90,5.90,5.90
Other Southeast Asia,11.84,12.57,10.37,7.35,3.13,10.36,7.87,7.52,13.67,5.40,3.40,9.80,6.93,7.28,-.55,.85,8.99,9.36,8.83,8.68,6.22,6.40,10.11,10.25,6.95,7.05,7.45,-1.88,5.57,8.46,-.58,3.98,4.47,9.01,6.88,8.70,8.43,1.85,.28,13.66,6.28,4.43,4.64,3.81,3.03,3.19,4.34,3.45,1.02,-3.38,8.20,3.32,1.88,3.03,2.82,2.89,2.90,2.89,2.89,2.89,2.70,2.70,2.70
Brunei,9.99,10.15,9.57,11.53,.36,20.16,10.92,6.78,22.56,-7.00,-19.83,3.96,.50,.60,-1.49,-2.72,2.01,1.10,-1.07,1.09,3.15,4.76,.30,3.15,4.48,2.88,-1.47,-.56,3.05,2.85,2.74,3.87,2.90,.50,.39,4.40,.15,-1.94,-1.76,2.60,3.75,.91,-2.13,-2.51,-.39,-2.48,1.33,.05,3.87,1.13,-1.59,-4.00,3.20,3.05,2.96,2.84,2.70,2.60,2.50,2.40,2.30,2.30,2.30
Laos,,,,,,,,,,10.00,15.33,414.59,3.64,5.10,5.07,4.89,-1.43,-2.01,14.19,6.70,4.30,5.56,5.91,8.16,7.03,6.93,6.87,3.97,7.31,5.80,5.75,5.92,6.07,6.36,7.11,8.62,7.60,7.82,7.50,8.53,8.04,8.03,8.03,7.61,7.27,7.02,6.89,6.25,4.65,3.28,3.48,2.50,3.10,3.70,4.30,4.90,4.80,4.70,4.70,4.60,4.50,4.50,4.50
Singapore,12.41,13.32,10.60,6.12,3.98,7.44,6.85,7.78,9.55,10.11,10.82,7.10,8.55,8.79,-.62,1.34,10.80,11.26,10.16,9.82,6.69,6.64,11.46,11.10,7.20,7.47,8.32,-2.20,5.72,9.04,-1.07,3.91,4.54,9.82,7.36,9.01,9.02,1.87,.12,14.53,6.34,4.46,4.84,3.94,2.99,3.24,4.34,3.44,.73,-3.90,8.87,3.63,1.78,2.99,2.73,2.78,2.80,2.80,2.80,2.80,2.60,2.60,2.60
South Asia,.62,-1.81,3.84,2.45,6.94,2.57,6.26,6.11,-.90,6.78,6.51,3.63,6.67,4.38,4.89,4.90,3.96,8.04,5.08,5.36,2.04,5.74,4.27,5.89,6.97,6.74,3.74,5.42,7.56,4.07,4.39,3.71,7.25,7.52,7.56,7.60,7.24,3.25,6.96,7.47,5.09,5.49,6.02,6.90,7.37,7.68,6.79,6.11,4.79,-4.67,8.30,6.03,4.60,5.87,5.96,6.10,5.96,5.86,5.77,5.67,5.48,5.48,5.48
Bangladesh,-5.48,-13.97,3.33,9.59,-4.09,5.66,2.67,7.07,4.80,.82,7.23,2.13,3.88,4.80,3.34,4.17,3.77,2.42,2.84,5.62,3.49,5.44,4.71,3.89,5.12,4.52,4.49,5.18,4.67,5.29,5.08,3.83,4.74,5.24,6.54,6.67,7.06,6.01,5.05,5.57,6.46,6.52,6.01,6.06,6.55,7.11,7.28,7.86,8.15,3.45,6.94,6.50,4.65,5.60,6.24,5.82,5.70,5.60,5.50,5.40,5.30,5.30,5.30
India,1.64,-.55,3.30,1.19,9.15,1.66,7.25,5.71,-5.24,6.74,6.01,3.48,7.29,3.82,5.25,4.78,3.97,9.63,5.95,5.53,1.06,5.48,4.75,6.66,7.57,7.55,4.05,6.18,8.85,3.84,4.82,3.80,7.86,7.92,7.92,8.06,7.66,3.09,7.86,8.50,5.24,5.46,6.39,7.41,8.00,8.26,7.04,6.12,5.02,-5.90,9.12,6.72,5.24,6.08,6.03,6.35,6.20,6.10,6.00,5.90,5.70,5.70,5.70
Pakistan,.47,.81,7.06,3.54,4.21,5.16,3.95,8.05,3.76,10.22,7.92,6.54,6.78,5.07,7.59,5.50,6.45,7.63,4.96,4.46,5.06,7.71,1.76,3.74,4.96,4.85,1.01,2.55,3.66,4.26,3.55,2.51,5.78,7.55,6.52,5.90,4.83,1.70,2.83,1.61,2.75,3.51,4.40,4.67,4.73,5.53,5.55,5.84,.99,-1.27,6.49,4.49,-.33,3.99,5.59,4.74,4.60,4.50,4.40,4.30,4.00,4.00,4.00
Other South Asia,.60,.57,4.90,4.52,4.84,3.62,4.54,5.32,42.34,9.00,7.75,1.28,3.90,8.17,-2.42,5.89,-1.69,-.95,-2.14,5.29,4.37,3.87,4.85,5.09,7.43,4.44,6.05,3.17,4.35,5.07,-.65,5.40,5.91,4.75,6.32,6.46,7.23,5.67,6.28,8.49,6.14,8.88,3.87,4.77,4.15,3.51,4.23,3.66,3.27,-3.95,.00,-4.98,3.40,6.50,4.48,4.35,4.31,4.22,4.23,4.17,4.14,4.15,4.16
Afghanistan,,,,,,,,,,21.49,11.06,-5.24,6.27,13.25,-20.42,10.27,-12.47,-16.99,-23.55,1.11,.80,1.00,-3.10,-3.00,26.20,6.00,6.00,-4.00,4.20,-1.80,-6.50,23.88,8.83,1.41,11.23,5.36,13.83,3.92,21.39,14.36,.43,12.75,5.60,2.72,1.45,2.26,2.67,1.84,2.90,-2.35,-20.00,-7.70,-2.30,2.50,2.53,2.56,2.60,2.60,2.60,2.60,2.50,2.50,2.50
Bhutan,,,,,,,,,,,13.91,3.41,11.31,4.48,4.21,11.73,28.70,4.99,7.43,10.88,-.41,4.60,1.99,4.95,7.07,5.57,5.37,5.91,7.98,6.93,8.35,10.99,7.82,6.01,7.29,7.00,18.36,4.80,6.75,11.95,7.98,5.12,2.12,5.78,6.64,8.13,4.65,3.03,5.30,-10.01,4.09,4.30,6.60,6.30,6.00,5.89,5.80,5.70,5.60,5.60,5.50,5.50,5.50
Nepal,-1.20,3.12,-.48,6.33,1.46,4.40,3.02,4.41,2.37,-2.32,8.34,3.78,-2.98,9.68,6.14,4.57,1.70,7.70,4.33,4.64,6.37,4.11,3.85,8.22,3.47,5.33,5.05,3.02,4.41,6.20,4.80,.12,3.95,4.68,3.48,3.36,3.41,6.10,4.53,4.82,3.42,4.78,4.13,5.99,3.32,.59,8.22,6.70,6.99,-2.37,4.25,5.50,4.10,4.86,5.50,5.60,5.60,5.50,5.50,5.50,5.40,5.40,5.40
Sri Lanka,1.31,-.41,7.06,3.85,6.13,3.34,5.10,5.65,6.40,5.85,5.70,4.14,4.81,5.10,5.00,4.36,1.73,2.47,2.30,6.40,4.60,4.40,6.90,5.60,5.50,3.80,6.41,4.70,4.30,6.00,-1.55,3.96,5.94,5.45,6.24,7.67,6.80,5.95,3.54,8.02,8.40,9.14,3.40,4.96,5.01,4.49,3.58,3.31,2.28,-4.62,3.51,-7.82,4.14,7.77,4.42,4.18,4.10,4.00,4.00,3.90,3.90,3.90,3.90
Oceania,4.02,4.12,3.47,4.36,.83,2.27,2.44,.92,3.87,2.77,3.48,2.93,-1.38,4.58,4.68,3.88,2.31,4.86,3.35,3.04,-.38,.68,4.48,4.16,3.88,3.90,3.60,4.00,5.09,3.71,2.07,4.03,3.18,4.05,3.21,2.87,3.79,3.06,1.71,2.11,2.46,3.72,2.62,2.80,2.46,2.90,2.50,2.99,1.99,-1.90,5.25,3.53,1.45,2.43,2.95,3.00,2.87,2.76,2.57,2.46,2.36,2.36,2.36
Australia,4.00,3.91,2.61,4.10,1.35,2.59,3.60,.90,4.04,3.03,3.34,3.33,-2.22,4.58,5.25,4.04,2.55,5.74,3.86,3.57,-.40,.41,4.03,3.98,3.84,3.88,3.97,4.58,5.07,3.93,1.93,4.00,2.99,4.06,3.20,2.79,3.84,3.66,1.94,2.07,2.46,3.92,2.58,2.53,2.19,2.77,2.37,2.94,1.90,-1.81,5.20,3.66,1.44,2.33,2.96,3.03,2.90,2.80,2.60,2.50,2.40,2.40,2.40
New Zealand,3.79,5.12,7.80,5.99,-1.73,.93,-3.94,.32,2.19,1.28,4.66,.93,3.49,4.79,1.62,2.71,.97,-.35,.16,.15,-1.09,1.09,6.39,5.12,4.72,3.62,2.05,.80,5.45,2.91,3.46,4.67,4.55,4.03,3.32,2.85,3.07,-1.03,-.15,1.56,2.36,2.24,2.63,3.63,3.62,3.68,3.16,3.76,2.17,-1.09,5.99,2.18,.97,2.72,2.70,2.70,2.60,2.40,2.20,2.00,1.90,1.90,1.90
Other Oceania,6.61,5.64,7.58,2.50,-.92,-.89,2.38,6.80,8.33,2.08,1.27,-.45,1.89,2.80,2.38,5.19,1.22,2.49,1.62,-2.43,5.88,10.66,12.50,5.85,1.01,6.66,-2.08,-1.14,3.39,-1.60,-.24,1.23,3.49,3.71,2.64,6.80,5.91,1.71,2.55,7.86,2.80,3.49,4.09,10.29,7.28,4.18,4.16,1.03,4.58,-9.37,3.50,5.78,4.45,4.92,3.80,3.40,3.34,3.24,3.20,3.11,3.07,3.08,3.09
Fiji,6.89,7.49,11.61,2.60,.53,2.74,5.90,1.86,12.22,-1.60,6.33,-5.98,-3.96,8.39,-4.61,7.75,-6.62,.96,7.44,5.80,-2.70,6.10,2.13,5.10,2.50,4.80,-2.20,1.30,8.80,-1.70,2.00,3.20,1.00,5.30,.70,1.85,-.85,1.03,-1.39,2.95,2.71,1.41,4.73,5.60,4.66,2.51,5.43,3.53,1.06,-17.20,-5.10,14.50,7.90,6.30,5.00,4.10,3.70,3.50,3.30,3.20,3.00,3.00,3.00
Maldives,,,,,,,,,,,7.89,7.47,4.42,17.37,13.81,8.59,8.86,8.72,9.30,-23.77,6.90,6.46,5.42,7.50,35.17,7.86,8.40,7.49,6.18,3.85,-3.94,7.27,13.75,6.03,-13.13,26.11,7.71,9.49,-7.23,7.27,8.57,2.52,7.28,7.33,2.88,6.34,6.80,6.89,5.22,-33.36,41.75,12.32,7.10,6.90,6.50,5.60,5.50,5.40,5.30,5.20,5.10,5.10,5.10
Papua New Guinea,6.30,5.64,6.53,2.61,-.88,-3.39,.83,8.55,1.83,-2.30,-.27,.35,3.22,-.35,4.00,4.69,2.77,2.91,-1.42,-3.01,9.55,13.85,18.20,5.94,-3.31,7.73,-3.90,-3.77,1.86,-2.49,-.12,-.16,2.16,2.72,6.34,5.41,7.82,-.30,6.80,10.13,1.11,4.66,3.82,13.54,9.48,4.08,3.54,-.75,5.62,-3.17,.07,3.90,3.20,4.40,3.00,2.80,2.80,2.70,2.70,2.60,2.60,2.60,2.60
Samoa,13.21,1.72,7.35,-10.62,-3.96,9.50,-1.01,6.34,13.33,-6.12,-9.06,2.14,.43,1.29,3.92,5.50,.48,-1.44,3.71,-4.42,-2.30,-.20,4.10,-2.54,6.67,7.18,.64,2.19,2.19,6.92,6.94,4.34,4.52,4.63,4.16,1.97,6.32,1.01,-4.81,.48,4.17,-4.09,-.42,.08,4.27,8.05,1.02,-2.17,3.47,-10.07,-2.27,.03,8.70,3.10,2.97,2.44,2.40,2.30,2.20,2.10,2.10,2.10,2.10
Solomon Islands,5.13,2.44,9.11,20.30,-8.68,13.64,11.70,9.66,21.71,-2.66,-1.83,-1.63,3.90,.17,-3.14,-.23,8.43,1.26,4.26,2.19,6.00,12.69,3.98,9.19,8.22,1.61,-1.44,1.78,-.48,-14.27,-7.98,-2.80,6.50,4.90,5.42,6.95,7.32,7.11,-4.74,6.81,13.20,4.56,3.02,2.25,2.54,3.22,3.69,3.85,2.69,-3.38,-.35,-4.35,2.90,2.63,2.96,2.89,2.80,2.80,2.70,2.60,2.60,2.60,2.60
Tonga,2.36,2.39,1.99,2.69,2.49,.81,4.80,1.91,1.87,2.90,3.10,4.74,1.98,1.74,6.56,2.12,2.99,-1.88,.39,-2.04,6.41,.25,3.74,4.95,3.71,.01,-.13,2.72,3.88,3.37,3.60,3.42,2.11,-.35,1.58,-.81,-4.17,3.10,2.29,3.59,2.79,.89,-3.12,2.07,3.71,3.38,2.70,.30,-4.59,.49,-2.67,-2.00,2.90,3.70,2.50,1.80,1.80,1.70,1.70,1.70,1.60,1.60,1.60
Vanuatu,,,,,,,,,,-11.40,4.20,10.70,13.83,9.59,.98,-.13,-2.89,-1.71,1.53,11.71,3.14,2.59,.75,9.06,1.01,2.33,4.91,4.30,.33,5.92,-3.49,-5.11,4.29,3.98,5.30,8.47,5.17,6.45,3.31,1.63,1.22,1.75,1.97,2.30,.16,3.47,4.41,2.80,2.91,-5.40,.45,1.71,3.00,4.00,3.50,3.10,3.10,3.00,3.00,2.90,2.90,2.90,2.90
Other Asia Oceania,7.01,7.36,8.17,5.68,3.21,6.48,6.16,6.79,19.28,6.12,4.73,6.30,5.65,7.12,-.57,3.35,5.21,5.60,4.89,6.43,5.16,6.30,8.46,8.09,6.24,5.84,5.75,-.80,4.61,6.63,-.32,4.39,5.19,8.82,6.57,8.43,8.51,2.89,1.77,12.96,7.62,5.96,5.27,3.89,.89,2.95,4.77,3.59,1.35,-7.97,6.23,.28,4.02,5.32,4.08,3.72,3.44,3.24,3.24,3.22,3.08,3.09,3.10
Middle East,12.47,13.79,10.04,8.79,-1.64,13.25,3.70,-3.91,5.83,-1.76,1.22,-3.77,-2.00,-.03,-.31,2.44,2.86,2.04,2.26,14.27,2.46,6.79,4.35,1.04,4.31,5.16,4.93,3.99,.05,6.24,-.78,2.33,5.12,9.14,5.90,6.47,5.04,3.69,-1.06,6.03,7.22,2.96,4.25,3.73,2.98,4.56,2.65,.09,.03,-2.64,6.28,5.97,2.46,2.93,3.04,2.56,2.63,2.67,2.61,2.55,2.73,2.74,2.74
Iran,14.42,14.42,8.56,6.50,-2.42,17.23,-4.06,-14.05,-10.51,-27.53,-5.18,27.21,8.56,-8.79,2.15,-10.21,.65,-5.40,6.02,13.83,12.38,2.83,1.04,-1.51,2.28,5.17,.48,2.18,.86,5.86,.78,7.27,8.73,4.37,3.19,5.00,8.16,.25,1.01,5.80,2.65,-7.44,-.19,4.60,-1.32,13.40,3.76,-13.35,-6.69,1.71,4.49,2.28,2.78,3.52,3.69,4.31,4.10,3.50,2.90,2.60,2.60,2.60,2.60
Iraq,5.37,3.74,4.42,16.11,12.49,17.18,1.90,17.06,20.87,24.75,-.73,3.43,-13.07,-1.49,1.45,4.65,9.31,-.02,-3.12,57.82,-64.05,32.59,30.29,3.85,2.12,11.02,21.24,34.86,17.58,1.41,2.31,-6.90,-33.10,54.16,4.40,10.16,1.38,8.23,3.38,6.40,7.55,13.94,7.60,.70,2.48,15.21,-2.49,-.56,4.40,-11.32,2.78,7.99,2.49,2.14,3.61,2.11,2.20,2.30,2.40,2.50,2.40,2.40,2.40
Saudi Arabia,20.51,22.93,24.17,16.23,-8.93,17.82,7.09,-5.22,11.92,5.65,1.94,-20.73,-16.05,-4.66,-9.79,17.01,-6.63,13.11,-.50,15.19,15.01,3.99,-1.36,.56,.21,2.64,1.10,2.89,-3.76,5.63,-1.21,-2.82,11.24,7.96,5.57,2.79,1.85,6.25,-2.06,5.04,10.00,5.41,2.70,3.65,4.11,1.67,-.74,2.43,.33,-4.34,3.92,8.74,3.02,2.48,3.48,1.08,1.60,2.30,2.50,2.50,3.70,3.70,3.70
Turkey,5.57,7.43,3.26,5.59,7.17,10.46,3.41,1.50,-.62,-2.45,4.86,3.56,4.97,6.71,4.24,7.01,9.49,2.32,.29,9.27,.72,5.04,7.65,-4.67,7.88,7.38,7.58,2.31,-3.39,6.64,-5.96,6.43,5.61,9.64,9.01,7.11,5.03,.85,-4.70,8.49,11.11,4.79,8.49,5.17,6.09,3.18,7.47,2.83,.88,1.67,11.60,5.42,1.94,2.96,2.40,2.44,2.50,2.50,2.50,2.50,2.60,2.60,2.60
Other Middle East,9.73,10.43,2.92,4.28,1.44,4.76,9.88,3.28,17.25,5.80,1.78,-4.12,2.03,5.11,1.73,-2.95,5.37,-1.59,4.96,12.22,1.23,11.13,6.28,6.58,5.97,4.83,6.07,3.34,2.04,7.25,1.75,2.19,5.31,7.60,5.42,8.26,5.97,5.05,.38,5.13,5.20,3.01,3.35,2.95,1.72,2.68,1.45,1.78,.61,-4.96,4.19,5.82,2.50,3.09,3.10,3.02,2.93,2.83,2.72,2.62,2.42,2.42,2.43
Bahrain,,,,,,26.73,16.51,8.97,-1.27,7.01,-5.32,-7.56,6.38,5.00,-4.76,1.18,10.40,7.00,.36,4.44,11.23,6.69,12.87,-.25,3.93,4.11,3.09,4.79,4.30,5.30,2.49,3.35,6.30,6.98,6.77,6.47,8.29,6.25,2.54,4.33,1.98,3.73,5.42,4.35,2.86,3.47,3.81,1.96,1.82,-4.64,2.67,4.86,2.61,2.65,2.50,2.34,2.30,2.20,2.10,2.10,2.00,2.00,2.00
Israel,10.95,12.15,5.59,6.48,3.24,.32,1.04,5.56,6.21,1.67,5.34,2.08,3.36,.93,4.04,4.19,7.14,2.91,.57,7.32,7.73,7.76,4.12,7.43,6.60,5.03,3.93,3.92,3.11,7.46,.12,-.01,.97,4.19,3.91,5.56,5.77,3.00,.92,5.60,4.78,2.26,4.15,3.76,2.29,3.98,3.54,3.45,3.51,-1.87,8.72,6.35,2.46,2.77,2.87,2.98,3.00,3.00,3.00,3.00,2.90,2.90,2.90
Jordan,.93,5.71,-6.61,.00,-.83,24.31,6.51,21.00,9.12,19.01,4.71,7.39,1.99,8.64,3.46,7.01,2.90,-1.85,-13.45,.97,1.82,18.66,4.63,4.99,6.19,2.09,3.31,2.99,3.41,4.25,5.27,5.78,4.16,8.57,8.15,8.09,8.18,7.23,5.48,2.31,2.59,2.65,2.83,3.10,2.39,2.00,2.12,1.94,2.00,-1.55,2.21,2.50,2.41,2.48,2.38,2.36,2.30,2.30,2.30,2.30,2.20,2.20,2.20
Kuwait,7.67,4.40,-4.81,-9.55,-8.00,9.10,-.10,7.36,13.91,-20.62,-19.03,-12.31,10.41,5.24,-4.26,8.57,8.14,-10.05,25.90,-22.19,-41.01,74.16,33.99,8.44,4.86,.61,2.47,3.66,-1.79,4.69,.21,3.01,17.33,10.24,10.61,7.51,5.99,2.48,-7.08,-2.37,9.63,6.63,1.15,.50,.59,2.93,-4.71,1.25,.41,-8.86,3.37,5.79,.31,4.66,4.05,2.60,2.20,1.80,1.40,1.00,.60,.60,.60
Lebanon,9.23,12.15,4.71,2.40,-30.30,-56.99,83.28,-3.05,9.41,3.45,.55,-36.79,22.71,44.48,24.30,-6.77,16.73,-29.16,-42.45,26.53,49.45,16.44,10.77,8.11,6.45,11.29,1.05,3.67,-.53,1.34,3.84,3.42,3.23,6.68,2.69,1.55,9.31,9.07,10.23,7.98,.87,2.54,3.81,2.46,.21,1.53,.85,-1.93,-5.64,-25.82,-12.00,-3.00,.50,3.00,5.00,5.00,4.40,3.80,3.20,2.60,2.00,2.00,2.00
Oman,.90,9.83,-14.25,11.50,24.43,20.54,1.01,-3.69,4.33,6.04,17.05,11.57,16.67,16.71,14.01,2.00,-3.44,5.96,11.76,-.13,6.07,8.41,6.04,3.88,5.00,3.05,6.03,2.64,-.12,5.40,4.48,-1.10,-2.67,1.29,2.49,5.37,4.45,8.20,6.11,4.80,-1.11,9.33,4.37,2.75,4.68,4.96,.35,1.76,.50,-3.38,3.09,4.31,1.00,1.73,.33,1.04,1.00,1.00,1.00,1.00,.80,.80,.80
Qatar,,,,,,,,,,,,,,,,,,,,,-1.66,11.33,-1.33,1.42,2.40,4.37,30.01,11.22,4.28,6.71,3.90,7.18,3.72,19.22,7.49,26.17,17.99,17.66,11.96,19.59,13.38,4.69,4.41,3.98,3.66,2.13,1.58,1.49,-.18,-3.64,1.59,4.83,2.72,3.31,3.88,5.08,4.50,3.90,3.30,2.70,2.20,2.20,2.20
Syria,9.92,25.03,-8.55,24.13,19.52,10.96,-1.27,8.73,3.63,11.98,9.51,2.12,1.43,-4.07,6.12,-4.95,1.91,13.27,-8.96,3.92,7.90,13.47,5.18,7.65,5.75,7.34,2.49,7.60,-3.62,.80,5.14,6.00,1.23,7.00,6.24,5.08,5.70,4.46,5.95,5.17,3.02,-26.51,-26.07,-15.13,-6.30,-4.29,-2.48,2.22,18.34,-3.87,3.01,2.99,2.18,1.99,3.50,3.97,3.80,3.70,3.60,3.50,3.30,3.30,3.30
United Arab Emirates,14.50,14.50,14.50,14.50,6.30,16.53,21.44,-1.59,20.92,23.87,4.66,-6.72,-4.75,4.02,-3.59,-14.96,3.38,-2.62,12.34,18.33,.86,3.34,1.26,6.90,6.69,5.80,8.19,.29,2.90,10.85,1.40,2.43,8.80,9.57,4.86,9.84,3.18,3.19,-5.24,1.60,6.93,4.48,5.05,4.28,5.11,3.06,2.37,1.19,1.68,-4.96,3.92,7.59,3.58,3.34,3.13,2.50,2.60,2.70,2.80,2.90,2.80,2.80,2.80
Yemen,,,,,,,,,,1.50,10.00,8.00,1.20,2.40,3.30,3.00,3.20,5.00,3.00,18.03,6.29,8.21,4.00,6.72,5.67,4.63,5.23,6.01,3.78,6.18,3.80,3.94,3.75,3.97,5.59,3.17,3.34,3.65,3.87,7.70,-12.71,2.39,4.82,-.19,-27.99,-9.38,-5.07,.75,-39.40,-12.60,-3.45,-.16,.60,1.82,4.48,5.15,4.80,4.40,4.00,3.60,3.30,3.30,3.30
Africa,5.99,4.35,4.34,6.86,.73,5.86,3.44,1.00,14.10,4.07,-1.35,.92,-1.01,2.90,2.82,1.66,1.91,4.39,3.12,11.90,2.49,.14,-1.05,1.78,1.22,5.13,3.02,3.10,-4.27,3.90,3.97,5.37,4.64,5.87,5.94,5.99,6.34,5.41,3.44,5.30,2.32,5.41,4.15,3.91,3.22,1.89,3.19,3.12,2.82,-2.12,4.37,3.76,3.26,3.77,4.08,3.91,3.84,3.78,3.73,3.70,3.62,3.63,3.64
North Africa,-1.25,12.51,3.32,5.04,7.00,10.52,6.65,7.66,42.96,4.00,-1.90,6.43,2.82,4.61,4.34,1.13,-.41,4.23,4.57,33.65,6.06,.86,-.80,2.97,-2.29,5.01,2.04,3.99,-14.95,4.77,3.44,2.92,5.49,4.42,5.26,5.48,5.59,5.21,3.27,4.49,-3.49,7.03,1.55,1.41,3.40,3.07,4.21,4.33,3.54,-2.29,4.88,4.45,3.75,3.87,4.01,4.19,3.98,3.82,3.66,3.50,3.27,3.27,3.28
Egypt,4.06,3.06,3.51,1.56,8.94,13.28,9.00,8.63,4.55,10.01,7.35,9.91,5.09,9.75,5.79,4.74,3.83,5.46,4.92,5.67,1.13,4.47,2.90,3.97,4.64,4.99,5.49,5.58,6.05,6.37,3.54,2.39,3.19,4.09,4.47,6.84,7.09,7.16,4.67,5.15,1.76,2.23,2.19,2.92,4.37,4.35,4.18,5.31,5.56,3.58,3.28,6.63,3.96,4.18,4.81,5.36,5.00,4.70,4.40,4.10,3.70,3.70,3.70
Morocco,5.60,2.44,3.56,5.60,7.56,10.81,6.06,2.23,4.79,3.64,-1.74,8.96,1.39,6.42,6.01,9.27,-.33,11.88,2.85,3.41,7.22,-2.10,-.74,10.59,-5.41,12.37,-1.56,7.24,1.08,1.91,7.32,3.12,5.96,4.80,3.29,7.57,3.53,5.92,4.24,3.82,5.25,3.01,4.54,2.67,4.54,1.06,4.23,2.99,2.30,-6.29,7.37,.95,2.79,3.20,2.96,3.29,3.30,3.30,3.30,3.30,3.20,3.20,3.20
Other North Africa,-8.21,25.76,3.10,7.58,5.37,8.31,4.97,8.78,87.61,1.28,-6.56,3.91,1.74,.99,2.97,-3.27,-3.66,1.19,4.79,66.37,8.53,-.45,-2.79,1.04,-5.70,3.58,.55,2.23,-33.28,3.92,2.07,3.47,7.99,4.64,6.79,3.34,4.61,2.76,1.28,3.91,-13.08,15.71,-.41,-1.08,1.60,2.12,4.25,3.49,1.10,-9.52,6.57,2.33,3.78,3.63,3.05,2.48,2.38,2.38,2.38,2.42,2.43,2.44,2.44
Algeria,-11.33,27.42,3.81,7.49,5.05,8.39,5.26,9.21,7.48,.79,3.00,6.40,5.40,5.60,3.70,.40,-.70,-1.00,4.40,.80,-1.20,1.80,-2.10,-.90,3.80,4.10,1.10,5.10,3.20,3.80,3.00,5.60,7.20,4.30,5.90,1.70,3.40,2.40,1.60,3.60,2.90,3.40,2.80,3.80,3.70,3.20,1.30,1.40,.80,-5.15,3.43,4.03,2.42,1.78,1.85,1.45,1.50,1.60,1.70,1.80,1.90,1.90,1.90
Libya,,,,,,,,,,.61,-20.04,1.52,-4.71,-8.31,.61,-11.35,-14.70,7.58,7.20,249.20,15.87,-2.81,-3.90,1.93,-12.69,2.57,-.75,-.41,-70.18,3.68,-1.76,-.96,13.02,4.46,11.87,6.50,6.35,2.67,-.79,5.02,-62.08,123.14,-13.60,-24.00,-8.86,-2.80,26.68,15.13,2.54,-29.48,28.29,-6.00,13.60,14.20,8.70,6.50,5.30,4.80,4.40,4.10,3.80,3.80,3.80
Tunisia,10.56,17.74,-.65,8.07,7.16,7.88,3.41,6.44,6.57,7.42,5.51,-.49,4.68,5.75,5.65,-1.45,6.70,.07,1.75,7.95,3.90,7.81,2.19,3.18,2.35,7.15,5.44,4.78,6.05,4.71,3.80,1.32,4.70,6.24,3.49,5.24,6.71,4.24,3.04,3.51,-1.92,4.00,2.88,2.97,1.19,1.16,1.92,2.66,1.04,-8.82,4.41,2.52,1.74,2.09,2.49,2.52,2.80,2.80,2.80,2.90,2.90,2.90,2.90
Sub-Saharan Africa,7.66,2.62,4.57,7.27,-.68,4.74,2.62,-.76,5.81,4.10,-1.14,-1.19,-2.60,2.16,2.14,1.91,2.97,4.46,2.48,2.17,.40,-.31,-1.20,1.03,3.47,5.21,3.62,2.56,2.16,3.47,4.24,6.61,4.23,6.59,6.27,6.24,6.70,5.51,3.52,5.68,5.00,4.72,5.28,4.96,3.15,1.41,2.77,2.61,2.52,-2.05,4.15,3.46,3.05,3.72,4.11,3.79,3.78,3.76,3.77,3.78,3.77,3.79,3.80
Nigeria,14.24,3.36,5.39,11.16,-5.23,9.04,6.02,-5.76,6.76,4.20,-13.13,-6.80,-10.92,-1.12,5.91,.06,3.20,7.33,1.92,11.78,.36,4.63,-2.04,-1.81,-.07,4.20,2.94,2.58,.58,5.02,5.92,15.33,7.35,9.25,6.44,6.06,6.59,6.76,8.04,8.01,5.31,4.23,6.67,6.31,2.65,-1.62,.81,1.92,2.21,-1.92,3.40,3.10,2.91,2.89,3.14,2.24,2.40,2.50,2.60,2.70,2.90,2.90,2.90
South Africa,4.28,1.65,4.57,6.11,1.70,2.25,-.09,3.01,3.79,6.62,5.36,-.38,-1.85,5.10,-1.21,.02,2.10,4.20,2.39,-.32,-1.02,-2.14,1.23,3.20,3.10,4.30,2.60,.50,2.40,4.20,2.70,3.70,2.95,4.55,5.28,5.60,5.36,3.19,-1.54,3.04,3.28,2.21,2.49,1.85,1.19,.40,1.41,.79,.15,-6.34,4.91,2.04,.54,1.84,2.47,2.19,2.30,2.30,2.40,2.70,2.80,2.80,2.80
Other West African Community,5.05,2.20,1.37,4.88,.95,6.35,3.80,7.18,2.66,-4.35,1.84,.13,-3.34,.37,5.05,3.44,1.72,2.93,3.09,-2.99,2.73,.04,1.56,2.01,4.91,5.74,4.51,4.94,3.68,2.76,3.62,2.42,2.69,3.34,4.15,3.86,3.97,5.39,3.31,5.04,4.34,7.67,6.73,5.47,4.12,5.50,6.99,6.19,6.05,1.50,5.38,4.94,5.42,5.66,5.45,5.33,5.06,4.82,4.60,4.34,4.08,4.08,4.09
Benin,-1.50,6.43,3.71,3.34,-4.90,.88,4.98,1.26,6.54,6.78,9.95,2.24,-4.35,7.93,7.53,2.17,-1.50,3.41,-2.85,8.98,4.23,2.96,5.84,2.02,6.05,4.32,5.73,3.96,5.34,5.86,5.33,4.64,3.44,4.43,1.71,3.94,5.99,4.90,2.32,2.11,2.96,4.81,7.19,6.36,1.78,3.34,5.67,6.70,6.87,3.85,7.16,6.00,5.80,6.00,8.43,7.54,6.60,6.20,5.80,5.30,5.00,5.00,5.00
Burkina Faso,1.41,2.31,.45,8.29,3.00,8.53,.37,4.61,3.66,.80,4.26,9.56,.35,-1.78,8.52,7.96,-.24,5.80,2.15,-.60,9.07,.23,3.46,1.31,5.72,11.01,6.32,7.31,7.40,1.89,6.61,4.35,7.80,4.48,8.66,6.25,4.11,5.80,2.96,8.45,6.62,6.45,5.79,4.33,3.91,5.96,6.16,6.82,5.69,1.93,6.91,2.49,4.56,5.73,5.75,5.28,5.00,4.70,4.40,4.10,3.70,3.70,3.70
Cabo Verde,5.37,2.31,1.60,2.36,-16.91,2.08,-4.98,9.66,3.20,5.26,8.45,2.83,9.52,3.78,8.64,2.87,4.31,6.00,5.70,.69,1.40,10.94,8.71,19.18,14.21,11.35,11.12,12.52,11.22,14.28,2.23,5.25,4.18,10.20,6.91,7.98,15.17,6.65,-1.27,1.47,3.97,1.08,.80,.61,1.01,4.71,3.70,4.53,5.67,-14.78,6.95,17.70,4.40,4.80,4.80,4.80,4.80,4.80,4.80,4.80,4.60,4.60,4.60
Cte d'Ivoire,9.46,4.24,5.94,4.33,8.25,12.92,7.31,10.91,2.39,-10.96,3.50,.20,-3.90,-2.70,4.50,3.26,-.35,1.14,2.95,-1.10,.04,-.24,-.19,.81,7.13,7.73,3.74,4.93,1.62,-2.07,.12,-1.67,-1.36,1.23,1.72,1.52,1.77,2.54,3.25,2.02,-4.39,10.71,8.89,8.79,8.84,7.18,7.36,6.79,6.85,1.96,7.02,6.30,6.00,5.80,6.00,5.70,5.30,4.90,4.50,4.10,3.60,3.60,3.60
Gambia,-.07,.24,9.25,5.88,12.39,7.35,3.44,6.32,-1.33,6.27,3.32,-.76,10.88,3.54,-.81,4.09,2.45,4.48,5.90,3.56,3.11,3.38,3.01,.15,.88,2.22,4.90,3.50,6.40,5.50,5.80,-3.25,6.87,7.05,-2.35,-.56,3.04,6.26,6.67,5.91,-8.13,5.24,2.87,-1.41,4.06,1.94,4.82,6.55,5.98,.59,4.27,4.50,5.60,5.70,5.80,5.68,5.60,5.30,5.00,4.90,4.80,4.80,4.80
Ghana,5.22,-2.49,2.88,6.85,-12.43,-3.53,2.27,8.48,-2.51,.47,-3.50,-6.92,-4.56,8.65,5.09,5.20,4.79,5.63,5.09,3.33,5.28,3.88,4.85,3.30,4.11,4.60,4.20,4.70,4.40,3.70,4.00,4.50,5.20,5.60,5.90,6.40,4.35,9.15,4.84,7.90,14.05,9.29,7.31,2.90,2.18,3.45,8.14,6.26,6.48,.51,5.36,3.96,3.00,4.00,4.70,4.50,4.50,4.40,4.40,4.30,4.30,4.30,4.30
Guinea,5.37,2.32,1.57,5.25,2.88,7.92,-3.35,6.80,-1.21,2.60,.61,1.80,1.30,1.40,5.00,3.12,3.30,6.31,4.00,4.32,2.61,3.27,5.04,3.97,4.61,4.46,5.18,3.64,3.81,2.50,3.66,5.16,1.25,2.34,3.00,1.18,6.83,4.13,-1.12,4.81,5.61,5.92,3.95,3.70,3.83,10.82,10.34,6.18,5.58,4.92,3.75,4.60,4.60,4.51,4.42,4.33,4.20,4.20,4.10,4.00,3.90,3.90,3.90
Guinea-Bissau,-3.91,6.37,1.11,4.56,7.85,4.94,-7.17,13.13,1.99,-15.95,18.17,4.20,-3.40,9.11,4.17,-.79,2.90,4.60,6.10,6.10,5.10,1.10,2.10,3.20,4.40,11.60,6.50,-28.10,1.03,5.43,2.19,-.99,.57,2.76,4.27,2.31,3.26,3.20,3.37,4.61,8.08,-1.71,3.26,.96,6.13,6.26,5.92,3.80,4.60,1.50,5.00,3.20,4.30,3.90,3.90,4.00,3.30,3.10,3.10,3.00,3.00,3.00,3.00
Liberia,5.06,3.60,3.86,3.40,-3.88,4.81,.94,5.75,4.77,-6.29,-3.89,1.75,-3.44,-.59,-2.02,-1.18,1.80,2.83,2.79,-77.98,-14.23,-35.09,-32.98,-21.76,-4.27,12.12,106.28,30.21,21.74,181.07,2.92,3.76,-30.15,2.62,5.28,8.04,9.54,7.15,5.30,6.10,8.20,7.99,8.70,.70,.00,-1.60,2.47,1.22,-2.28,-.25,-13.56,4.50,4.30,4.80,4.66,4.52,4.40,4.20,4.10,4.00,3.90,3.90,3.90
Mali,2.57,5.84,-1.46,-1.53,11.63,13.62,6.35,-1.46,10.40,-4.33,1.51,-7.38,1.82,-.29,20.29,2.69,-.14,7.39,4.18,-2.50,11.75,-3.22,3.17,3.78,.92,7.06,4.83,7.57,5.70,-.06,15.38,3.11,9.12,1.56,6.53,4.66,3.49,4.77,4.81,5.31,3.21,-.84,2.30,7.10,6.17,5.76,5.42,4.65,5.04,.67,3.69,3.10,4.50,4.20,4.10,3.90,3.80,3.70,3.60,3.50,3.30,3.30,3.30
Niger,5.68,-5.17,-17.05,8.78,-2.79,.68,7.76,13.47,7.15,-2.23,.61,1.62,-4.75,-16.83,7.72,6.36,.07,6.90,.93,-1.28,-.15,2.01,.43,1.72,2.29,.37,1.49,9.87,-.07,-1.05,7.12,4.75,2.49,.36,7.13,5.83,3.10,7.77,1.86,8.43,2.36,10.60,5.57,6.56,4.37,5.69,5.00,7.00,5.83,3.55,1.39,7.00,13.00,7.00,6.00,7.94,7.60,7.20,6.80,6.40,6.00,6.00,6.00
Senegal,-.14,6.38,-5.58,4.20,7.54,8.92,-2.68,-3.95,7.00,-3.31,5.07,7.84,-5.33,3.75,3.28,3.11,6.09,-.59,3.98,-.68,2.56,1.24,1.30,-.02,5.36,2.01,3.12,5.90,6.35,3.20,4.58,.65,6.68,5.87,5.62,2.46,4.94,4.06,2.09,3.56,1.46,5.12,2.82,6.61,6.37,6.36,7.41,6.38,5.27,1.33,6.07,4.70,8.10,10.30,4.90,5.00,4.70,4.40,4.10,3.80,3.40,3.40,3.40
Sierra Leone,3.47,.90,2.26,3.50,1.67,-.45,.05,2.41,4.51,4.84,2.88,4.78,-2.10,4.09,-5.31,1.24,7.23,-7.08,.73,3.35,2.35,-19.01,1.37,-1.95,-8.00,1.75,-5.88,1.79,-1.98,6.65,-6.35,26.42,9.31,6.60,4.51,4.22,8.06,5.40,3.19,5.35,6.32,15.18,20.72,4.56,-20.60,6.06,4.21,3.45,5.51,-1.97,4.10,3.70,3.40,4.50,4.37,4.23,4.10,4.00,3.90,3.80,3.70,3.70,3.70
Togo,.00,7.63,3.84,4.83,2.44,-2.05,6.96,11.05,-5.17,14.58,-3.32,-3.58,-5.41,5.56,5.56,1.59,.51,6.64,4.06,-.24,-.70,-3.98,-15.10,14.98,7.85,8.84,14.38,-2.30,2.48,-.78,.82,3.83,6.72,-.98,-4.67,2.65,-1.18,4.06,5.54,6.10,6.40,6.54,6.11,5.92,5.74,5.56,4.36,4.91,5.31,1.76,5.26,5.40,6.20,6.50,6.82,6.76,6.00,6.00,5.90,5.80,5.80,5.80,5.80
Other Sub-Saharan Africa,6.18,2.92,5.00,5.69,.97,2.56,1.31,-1.85,7.80,5.14,3.20,1.84,2.63,2.40,1.73,3.94,3.86,3.50,2.68,-.04,.76,-2.31,-3.16,1.11,5.69,6.34,4.49,3.25,2.47,2.27,4.48,4.48,3.43,7.08,7.45,7.49,8.42,6.08,3.40,5.64,5.90,5.67,5.33,5.39,4.23,3.03,3.60,2.88,2.72,-1.37,3.96,3.82,3.40,4.38,4.94,4.89,4.76,4.71,4.67,4.61,4.51,4.53,4.55
Angola,6.00,.20,8.10,3.10,-5.00,-5.20,.80,-5.30,.30,2.40,-4.40,.00,4.20,6.00,3.50,2.90,4.08,6.13,.04,-3.45,.99,-5.84,-23.98,1.34,15.00,13.54,7.27,4.69,2.18,3.05,4.21,13.67,2.99,10.95,15.03,11.55,14.01,11.17,.86,4.86,3.47,8.54,4.95,4.82,.94,-2.58,-.15,-2.00,-.87,-5.69,1.11,3.31,2.50,2.87,3.60,2.98,3.10,3.20,3.30,3.40,3.40,3.40,3.40
Botswana,25.82,26.36,21.30,8.80,8.45,10.65,12.01,14.33,12.15,11.99,9.06,12.17,13.15,8.55,7.13,8.17,11.88,19.45,13.06,6.77,7.46,2.92,1.92,3.63,7.03,5.83,8.33,.44,9.67,1.99,.25,6.07,4.63,2.71,4.56,8.36,8.28,6.25,-7.65,8.56,6.05,4.46,11.34,4.15,-1.70,4.30,2.90,4.48,2.97,-8.73,11.37,6.40,4.10,4.47,4.32,4.22,4.10,4.00,3.90,3.80,3.50,3.50,3.50
Burundi,2.75,-6.40,6.89,-.73,.70,7.94,11.47,-.94,1.66,.99,12.16,-1.05,3.72,.16,11.78,3.25,5.50,5.03,1.35,3.50,5.00,1.01,-6.24,-3.83,-7.92,-8.00,-1.59,4.75,-1.01,-.86,2.06,4.45,-1.22,4.83,.90,5.41,3.45,4.86,3.81,5.12,4.03,4.45,4.92,4.24,-3.90,-.60,.50,1.61,1.84,.33,1.80,2.00,3.00,4.30,5.50,5.40,5.20,5.10,4.90,4.80,4.60,4.60,4.60
Cameroon,3.48,2.67,5.36,10.73,11.25,-5.50,13.74,22.00,6.04,-1.97,17.08,7.52,6.87,7.47,8.06,6.77,-2.15,-7.82,-1.82,-6.11,-3.81,-3.10,-7.93,2.12,3.47,4.36,5.23,4.50,4.29,3.55,4.37,4.24,4.57,6.78,2.02,3.46,4.90,3.49,2.20,3.42,4.13,4.54,5.40,5.88,5.65,4.65,3.55,4.06,4.02,.49,3.65,3.80,4.30,4.45,4.62,4.80,4.50,4.20,3.90,3.60,3.40,3.40,3.40
Central African Republic,1.13,.00,1.89,6.34,.40,5.43,3.81,1.21,-2.47,-4.48,-1.54,7.72,-8.13,9.48,3.93,3.58,-4.94,1.71,1.98,-2.15,-.55,-6.42,.34,4.90,7.20,-4.00,5.30,4.70,3.60,-2.49,4.46,3.62,-5.40,5.99,.91,4.77,4.61,2.05,8.59,4.63,4.19,5.05,-36.39,.08,4.34,4.75,4.53,3.79,2.97,.96,.98,.50,2.20,4.00,4.24,4.00,3.70,3.30,2.90,2.50,2.30,2.30,2.30
Chad,-2.25,1.15,-8.38,4.96,9.01,2.98,2.23,-.47,-21.44,-6.05,1.04,5.35,15.68,2.05,21.79,-4.08,-2.39,15.48,4.88,-4.18,8.54,8.00,-15.71,10.14,1.24,2.21,5.65,6.95,-.68,-.88,11.66,8.49,14.72,33.63,17.33,.65,3.27,3.05,4.22,13.55,.08,8.88,5.70,6.90,2.77,-6.26,-2.99,2.37,3.25,-2.16,-1.11,3.35,3.50,3.61,3.18,3.38,3.40,3.40,3.40,3.40,3.40,3.40,3.40
Democratic Republic of Congo,6.01,.15,8.14,3.13,-4.98,-5.31,.76,-5.35,.43,2.19,2.35,-.46,1.41,5.54,.47,4.72,2.68,.47,-1.27,-6.57,-8.42,-10.50,-13.47,-3.90,.70,-1.02,-5.62,-1.62,-4.27,-6.91,-2.10,2.95,5.58,6.74,6.14,5.32,6.26,6.23,2.86,7.11,6.87,7.09,8.48,9.47,6.92,2.40,3.73,5.82,4.38,1.74,5.71,6.10,6.40,6.80,6.90,6.58,6.50,6.30,6.10,5.90,5.80,5.80,5.80
Djibouti,6.22,3.36,4.99,-3.52,11.28,8.66,-11.86,-7.72,5.26,4.72,2.90,1.69,1.24,.56,-.20,-1.19,.49,1.20,-2.60,-25.22,-3.15,5.86,4.84,-2.42,5.60,-5.09,4.60,-.19,2.92,.71,1.79,3.23,3.19,3.00,3.20,12.70,5.00,5.00,13.90,11.74,12.82,13.15,13.36,7.06,7.68,6.92,5.08,5.65,5.50,1.16,5.64,3.60,5.20,6.00,7.80,7.70,7.60,7.50,7.40,7.30,7.30,7.30,7.30
Equatorial Guinea,4.29,2.21,7.32,3.04,6.58,.29,7.32,-5.01,-4.99,4.84,5.77,2.20,5.00,1.01,12.91,-2.33,4.44,2.66,-1.23,-1.76,-1.02,34.75,11.03,16.67,17.49,66.58,149.97,23.77,25.66,18.21,63.38,19.46,13.96,38.00,16.75,7.70,15.28,17.80,1.34,-8.92,6.52,8.31,-4.13,.42,-9.11,-8.82,-5.67,-6.36,-5.58,-4.89,2.55,4.50,-3.16,.12,2.40,2.40,2.40,2.40,2.40,2.40,2.40,2.40,2.40
Eritrea,2.04,2.04,2.04,2.04,2.04,2.04,2.04,2.04,2.04,2.04,2.04,2.04,2.04,2.04,2.04,2.04,2.04,2.04,2.04,3.54,11.74,11.30,12.88,12.88,20.92,2.32,9.14,7.90,1.97,.19,-12.35,8.76,3.01,-2.66,1.45,-.97,1.43,-9.78,3.88,2.19,8.68,7.03,4.65,2.87,2.59,1.85,5.01,4.19,3.10,-4.10,2.20,2.60,2.70,3.20,3.30,3.40,3.40,3.40,3.30,3.20,3.20,3.20,3.20
Ethiopia,,,,,,,,,,4.00,.00,.92,8.24,-2.85,-11.14,9.66,13.86,.50,-.36,2.73,-7.14,-8.67,13.14,3.19,6.13,12.43,3.13,-3.46,5.16,6.07,8.30,1.51,-2.16,13.57,11.82,10.83,11.46,10.79,8.80,12.55,11.18,8.65,10.58,10.26,10.39,9.43,9.56,6.82,8.28,6.06,5.60,3.80,5.30,6.10,6.80,7.00,6.40,6.30,6.30,6.10,6.00,6.00,6.00
Gabon,10.26,11.34,10.18,39.49,19.19,35.63,-12.58,-24.05,.47,2.55,5.10,-3.10,5.61,7.51,-2.33,-.80,-17.15,12.85,8.55,5.19,6.11,-3.09,3.95,3.71,4.97,3.63,5.74,3.48,-8.93,-1.88,2.14,-.25,2.25,.69,2.68,-2.81,6.01,-3.31,.13,7.09,7.09,5.25,5.64,4.31,3.88,2.09,.48,.84,3.39,-1.84,1.50,2.70,3.00,3.20,3.10,3.00,3.00,3.00,3.00,3.00,3.00,3.00,3.00
Kenya,22.17,17.08,5.90,4.07,.88,2.15,9.45,6.91,7.62,5.59,3.77,1.51,1.31,1.76,4.30,7.18,5.94,6.20,4.69,4.19,1.44,-.80,.35,2.63,4.41,4.15,.47,3.29,2.31,.60,3.78,.55,2.93,5.10,5.91,6.47,6.85,.23,3.31,8.41,6.11,4.56,5.88,5.36,5.72,5.88,4.81,6.32,5.37,-.25,7.52,4.80,4.56,5.52,5.24,5.29,5.30,5.30,5.30,5.30,5.10,5.10,5.10
Lesotho,5.11,-.20,26.40,10.98,-13.51,11.05,21.81,18.32,2.89,-2.74,.69,4.46,1.99,5.53,2.61,4.68,.73,8.60,5.80,6.05,6.97,6.96,3.51,5.98,3.29,5.60,3.70,1.54,.48,3.88,3.56,.72,4.56,1.69,3.47,4.23,4.83,6.74,2.15,.82,5.36,6.74,4.19,2.88,2.65,5.05,-1.32,-.45,1.52,-5.62,1.56,1.80,2.00,2.31,2.39,2.27,2.40,2.50,2.60,2.70,2.80,2.80,2.80
Madagascar,3.93,-1.27,-2.62,2.01,1.26,-3.07,2.36,-2.66,9.85,.95,-9.80,-1.90,.90,1.76,1.16,1.96,1.17,3.41,4.07,3.13,-6.31,1.18,2.10,-.04,1.68,2.15,3.69,3.92,4.70,4.46,5.98,-12.41,9.78,5.26,4.76,5.40,5.71,6.71,-3.98,.62,1.58,3.01,2.30,3.34,3.13,3.99,3.93,4.56,4.80,-7.14,5.74,4.20,4.00,4.80,4.70,4.70,4.70,4.70,4.70,4.70,4.50,4.50,4.50
Malawi,16.22,6.23,2.30,7.18,6.09,5.00,4.92,9.75,4.40,.41,-5.29,2.50,3.72,5.36,4.57,-.21,1.63,3.18,1.34,5.69,8.73,-7.33,9.69,-10.24,16.73,7.32,3.79,3.90,3.04,1.58,-4.97,1.70,5.71,5.42,3.27,4.70,9.60,7.64,8.33,6.87,4.85,1.89,5.20,5.70,2.80,2.48,4.00,3.17,4.37,.90,2.75,.90,2.30,3.06,3.77,4.35,4.30,4.30,4.30,4.30,4.10,4.10,4.10
Mauritania,1.84,-.73,-4.58,12.16,-5.13,8.55,-1.88,-.50,4.79,3.37,3.45,-2.34,3.74,-3.23,2.99,5.71,1.90,1.72,4.78,-1.77,1.79,1.87,5.87,-3.06,9.82,5.82,-4.04,2.78,3.67,-3.92,-.80,1.38,6.93,4.73,8.57,18.33,-1.97,-.33,.10,2.62,4.17,4.47,4.15,4.27,5.38,1.26,3.50,2.12,5.93,-1.76,2.40,5.30,5.08,7.26,6.10,5.60,5.00,4.40,3.80,3.20,2.80,2.80,2.80
Mauritius,4.47,8.03,11.83,8.02,1.26,25.34,6.55,3.83,3.52,-10.06,5.88,5.50,.38,4.70,6.95,9.74,8.89,6.79,4.47,7.19,4.44,6.51,5.08,4.14,4.29,5.59,5.69,6.07,2.61,8.20,3.35,1.61,5.93,4.33,1.78,4.87,5.73,5.39,3.32,4.38,4.08,3.50,3.36,3.74,3.55,3.84,3.81,3.76,3.55,-14.60,3.55,5.90,5.00,4.00,3.94,3.88,3.80,3.80,3.70,3.70,3.50,3.50,3.50
Mozambique,7.48,4.88,4.61,6.26,2.08,5.62,-.18,1.07,3.07,16.71,5.00,-6.90,-15.70,-6.50,1.00,-2.30,14.70,8.20,6.50,1.00,4.90,-6.10,10.59,6.54,2.25,11.20,11.30,9.93,11.70,1.19,12.09,9.29,6.93,7.93,6.64,9.70,7.73,7.29,6.31,6.49,7.40,7.26,6.96,7.40,6.72,3.82,3.74,3.43,2.22,-1.20,2.33,4.10,5.00,7.00,5.00,4.50,4.50,4.50,4.50,4.50,4.50,4.50,4.50
Namibia,,,,,,,,,,,.97,-.40,-1.82,-.24,.46,4.77,3.55,.81,1.86,2.05,8.17,7.19,-1.58,1.73,3.90,3.19,4.22,3.29,3.37,3.49,1.18,4.79,4.24,12.27,2.53,7.07,5.37,2.65,.30,6.04,5.09,5.06,5.61,5.76,4.53,-.28,-.26,.70,-1.13,-8.10,3.52,4.56,2.00,2.00,3.00,3.50,3.40,3.30,3.20,3.10,3.00,3.00,3.00
Republic of Congo,7.75,8.62,8.23,7.89,7.73,.92,-8.95,6.36,9.81,17.64,17.62,23.60,5.85,6.98,-1.19,-6.86,.19,1.77,2.60,1.00,2.40,2.61,-.98,-5.49,3.99,4.29,-.62,3.74,-2.58,7.58,3.80,4.58,.81,3.48,7.76,6.24,-1.58,5.57,7.47,8.75,3.42,3.80,3.44,6.78,2.65,-2.80,-1.80,1.60,-.90,-6.24,-2.20,3.50,3.00,4.50,2.50,2.70,2.70,2.70,2.60,2.60,2.60,2.60,2.60
Rwanda,1.21,.26,3.44,1.41,-2.11,19.50,1.99,9.15,11.87,8.95,5.44,1.81,5.98,-4.24,4.40,5.47,-.02,4.50,-.04,-2.40,-2.51,5.87,-8.11,-50.25,35.22,12.75,13.85,8.86,4.32,8.37,8.48,13.19,2.20,7.45,9.38,9.23,7.63,11.16,6.25,7.33,7.96,8.64,4.72,6.16,8.87,5.98,3.99,8.57,9.41,-3.36,10.87,8.20,6.00,7.50,7.80,7.00,6.90,6.90,6.80,6.80,6.80,6.80,6.80
Seychelles,15.85,6.31,9.05,1.30,3.18,16.28,-6.19,21.15,15.79,-4.25,-8.22,-1.12,-1.71,4.51,11.13,-.18,4.40,5.40,11.20,7.00,2.76,7.16,6.20,-.80,-.83,4.92,11.96,8.40,1.87,1.51,-2.27,1.21,-5.89,-2.85,9.01,9.41,10.42,-2.15,-1.11,5.95,7.89,1.26,6.02,4.50,4.94,4.56,4.38,3.75,4.71,-8.65,2.36,7.22,5.57,4.60,4.59,4.25,4.00,3.80,3.60,3.40,3.20,3.20,3.20
Sudan,2.25,-5.07,.63,11.45,15.71,16.67,6.22,-5.93,-5.02,1.52,7.44,5.96,2.06,-5.01,-6.28,5.41,14.22,-.33,8.93,-5.47,7.51,6.58,4.57,1.01,6.00,5.92,10.57,4.31,3.10,6.35,6.50,6.43,7.73,3.88,7.49,10.06,11.52,7.80,3.24,-.33,3.80,-1.44,4.39,2.68,4.91,4.70,4.28,-2.32,-2.56,-3.63,-1.90,-.80,-5.00,-1.00,3.00,2.50,2.00,2.00,2.00,2.00,1.90,1.90,1.90
Swaziland/Eswatini,13.74,5.42,9.02,5.74,13.91,-2.12,1.01,1.33,3.11,12.45,14.64,1.17,1.20,6.16,3.79,12.26,14.61,6.57,12.91,25.50,1.76,3.23,3.11,2.40,4.83,3.84,3.10,2.60,2.95,-.98,1.05,4.38,3.88,3.62,6.00,5.99,4.44,.82,1.57,3.79,2.25,5.39,3.86,.91,2.31,1.27,2.02,2.35,1.12,-1.85,7.88,.70,2.60,2.45,2.58,2.54,2.50,2.40,2.30,2.20,2.20,2.20,2.20
So Tom and Principe,5.38,2.29,1.59,5.68,5.38,1.64,23.42,2.90,16.34,-1.08,-10.31,3.09,-3.87,-6.03,9.30,-5.83,-2.93,2.00,3.14,.81,1.20,.70,1.10,2.20,2.00,1.50,1.00,2.50,2.50,.45,.06,2.38,6.57,3.83,7.09,9.12,3.25,8.19,2.43,6.67,4.40,3.14,4.81,6.55,3.80,4.17,3.87,2.66,2.40,3.09,1.80,1.40,2.60,3.30,3.40,3.39,3.40,3.40,3.30,3.30,3.30,3.30,3.30
Tanzania,4.18,6.72,3.06,2.50,5.91,6.39,.40,1.21,3.35,2.99,-.50,.59,-2.38,3.38,4.59,1.89,4.93,4.06,3.76,7.05,2.07,.58,1.21,1.57,3.57,4.54,3.53,3.71,4.86,4.52,6.07,7.09,6.67,7.50,7.48,6.53,6.77,5.69,5.27,6.34,7.67,4.50,6.78,6.73,6.16,6.87,6.79,5.44,5.79,4.83,4.94,4.70,4.90,5.50,5.55,5.61,5.70,5.70,5.70,5.70,5.80,5.80,5.80
Uganda,2.74,.00,.00,.00,-1.33,.00,1.35,-4.00,-12.50,-3.40,3.86,7.79,5.74,-.34,-3.31,.39,3.96,8.27,6.36,6.47,5.55,3.42,8.33,6.40,11.52,9.07,5.10,4.91,8.05,3.14,5.18,8.73,6.47,6.81,6.33,10.78,8.41,8.71,6.80,5.64,9.39,3.84,3.59,5.11,5.19,4.78,3.90,6.16,6.51,-1.41,6.71,4.70,5.50,5.70,6.20,7.20,6.80,6.40,6.00,5.60,5.00,5.00,5.00
Zambia,-.09,9.21,-.96,6.43,-2.27,6.22,-4.56,.55,-3.02,3.04,6.17,-2.81,-1.97,-.34,1.62,.72,2.68,6.28,-1.02,-.48,-.04,-1.73,6.80,-8.63,2.90,6.22,3.81,-.39,4.65,3.90,5.32,4.51,6.94,7.03,7.24,7.90,8.35,7.77,9.22,10.30,5.56,7.60,5.06,4.70,2.92,3.78,3.50,4.03,1.71,-2.79,4.60,4.75,3.40,3.70,4.20,4.00,4.00,4.00,4.00,4.00,4.00,4.00,4.00
Zimbabwe,8.92,8.33,2.60,6.63,-1.93,.46,-6.86,-2.71,3.30,14.42,12.53,2.63,1.59,-1.91,6.94,2.10,1.15,7.55,5.20,6.99,5.53,-9.02,1.05,9.24,.16,10.36,2.68,2.89,-.82,-3.06,1.44,-8.89,-17.00,-5.81,-5.71,-3.46,-3.65,-17.67,12.02,19.68,14.19,16.67,1.99,2.38,1.78,.76,4.70,4.83,-8.10,-5.30,6.30,4.00,3.80,3.70,3.80,3.72,3.60,3.60,3.50,3.40,3.40,3.40,3.40
High income countries/1,4.50,5.51,6.38,1.29,-.02,5.04,3.97,4.20,4.10,1.24,1.80,-.22,2.85,4.70,3.53,3.28,3.49,4.66,3.78,2.84,1.17,2.15,1.39,3.32,2.88,3.04,3.50,2.91,3.47,4.09,1.53,1.62,2.27,3.43,2.97,3.20,2.81,.45,-3.18,2.95,1.94,1.40,1.52,2.15,2.44,1.72,2.38,2.29,1.73,-4.35,5.43,2.81,1.34,1.45,1.92,2.05,1.94,1.79,1.73,1.70,1.63,1.63,1.63
High income countries less USA/2,5.18,5.64,6.78,2.28,.08,4.86,3.63,3.49,4.60,2.04,1.42,.62,1.96,3.36,3.17,3.18,3.50,4.93,3.84,3.40,1.87,1.41,.64,2.93,2.99,2.63,2.96,2.00,2.72,4.07,1.84,1.55,1.92,3.20,2.64,3.40,3.38,.80,-3.56,3.19,2.17,.90,1.33,1.92,2.10,1.85,2.48,1.90,1.37,-5.31,5.10,3.28,1.08,1.59,1.89,1.78,1.71,1.66,1.62,1.58,1.52,1.52,1.52
Upper-middle income countries/3,6.15,5.57,7.65,5.78,4.39,5.14,4.75,4.75,7.50,6.91,2.52,3.28,1.79,5.43,4.05,4.42,4.62,4.21,2.73,2.62,1.31,.82,3.85,3.59,3.23,5.23,5.75,3.04,2.52,6.24,3.64,4.79,6.03,8.16,7.78,8.96,9.66,6.53,2.77,8.44,6.99,5.87,5.64,4.78,4.28,4.26,5.18,4.85,4.17,-.57,7.73,3.04,4.12,4.29,4.21,4.11,4.01,3.95,3.97,3.72,3.52,3.52,3.52
Lower-middle income countries/4,5.82,5.17,5.37,5.13,1.77,6.77,4.25,.55,.62,.24,1.70,4.43,3.48,2.09,3.63,2.22,3.83,4.45,4.46,5.00,2.67,2.96,1.58,2.55,4.67,5.92,3.44,1.32,4.13,4.44,4.02,4.85,6.18,6.55,6.12,6.47,6.92,4.25,4.65,6.59,4.76,4.25,5.14,5.61,5.09,5.89,5.26,3.99,3.84,-3.17,5.72,4.94,4.34,5.09,5.25,5.27,5.15,5.04,4.94,4.85,4.73,4.74,4.75
Low income countries/5,4.24,1.73,1.56,5.79,2.34,3.63,1.87,-.57,28.59,3.43,4.02,1.57,1.71,.64,-.67,3.36,3.79,2.75,.41,-.67,1.32,.63,1.34,1.42,5.64,5.43,4.52,3.63,2.55,3.40,4.49,5.07,4.50,5.87,6.90,6.52,7.30,6.26,5.23,6.28,2.80,1.53,3.33,3.88,.65,3.25,3.98,3.54,1.45,-.42,2.30,2.99,3.28,4.43,5.28,5.37,5.10,4.99,4.90,4.76,4.61,4.63,4.65
BRIICs/5,6.62,5.16,8.90,5.33,5.30,5.46,5.82,5.67,4.29,7.21,2.47,4.96,3.78,6.70,6.13,6.16,5.10,5.93,3.80,.42,1.93,1.01,4.62,4.67,6.13,5.51,5.73,2.41,5.63,6.95,5.74,6.37,7.41,8.37,8.56,9.70,10.98,7.44,5.57,9.09,7.59,6.35,6.34,5.87,5.07,5.34,5.94,5.79,5.14,.15,7.86,3.23,4.77,4.91,4.80,4.75,4.63,4.56,4.55,4.27,4.03,4.04,4.05
Former centrally planned economies/7,4.47,2.86,6.24,4.30,3.14,5.29,4.61,4.56,3.34,4.39,4.62,6.34,4.20,3.79,1.75,3.17,3.02,5.09,3.38,-3.19,-6.01,-14.10,-9.58,-12.96,-4.63,-2.80,1.72,-3.21,5.20,9.03,5.87,5.12,7.32,7.76,6.81,8.58,8.72,5.32,-6.02,4.77,4.61,3.71,2.45,1.17,-1.17,.84,2.40,3.07,2.26,-2.50,5.58,-1.54,.74,2.44,2.61,2.27,2.29,2.29,2.32,2.34,2.31,2.33,2.35
USMCA/8,3.36,5.41,5.84,.05,.23,5.37,4.47,5.58,3.57,.47,2.99,-1.82,3.89,6.90,4.09,2.98,3.41,4.03,3.60,1.88,-.01,3.34,2.70,4.11,2.16,3.78,4.57,4.41,4.59,4.23,.95,1.76,2.85,3.81,3.55,3.03,2.25,.02,-2.71,2.74,1.78,2.29,1.85,2.57,2.82,1.54,2.28,2.82,2.13,-3.27,5.83,2.22,1.76,1.31,1.98,2.41,2.27,2.00,1.90,1.89,1.82,1.82,1.82
Europe and Central Asia/9,4.86,4.45,6.27,2.51,-.23,4.49,3.19,3.40,3.76,2.07,.74,1.53,2.31,2.82,2.59,2.76,2.91,4.27,3.41,1.73,.16,-.90,-1.01,1.35,1.99,1.64,2.80,2.66,3.11,4.16,2.52,1.55,1.71,3.01,2.57,3.82,3.58,.99,-4.39,2.43,2.09,.18,.63,1.74,1.94,1.87,2.53,2.12,1.55,-6.04,5.66,3.07,.68,1.31,1.83,1.75,1.66,1.60,1.58,1.53,1.44,1.44,1.45
Middle East and North Africa/10,10.63,13.64,9.25,8.37,-.70,12.93,4.04,-2.55,10.65,-.80,.67,-2.02,-1.10,.87,.62,2.16,2.19,2.48,2.74,18.30,3.30,5.36,3.16,1.46,2.82,5.13,4.31,3.99,-3.08,5.97,-.01,2.44,5.19,8.25,5.78,6.29,5.14,3.96,-.26,5.74,5.22,3.66,3.77,3.32,3.05,4.31,2.91,.82,.65,-2.58,6.03,5.70,2.69,3.10,3.22,2.86,2.88,2.89,2.81,2.73,2.84,2.84,2.84
Other Southeast Asia outlook/11,5.71,5.19,8.13,4.46,4.21,9.72,8.26,6.39,6.35,4.34,4.08,3.99,3.49,.36,-.89,3.62,6.23,9.58,9.14,7.58,5.79,6.15,6.98,7.45,7.82,7.11,2.71,-4.31,4.60,5.82,2.97,5.40,6.30,6.65,5.11,5.48,6.14,3.67,.50,7.28,3.47,6.41,4.59,4.32,4.99,5.08,5.67,5.35,4.61,-5.36,3.19,6.45,4.61,5.08,4.99,4.81,4.63,4.51,4.42,4.31,4.25,4.26,4.27
Other South America outlook/12,5.72,3.42,3.11,5.68,.33,3.58,4.25,4.66,5.71,5.59,4.18,-3.31,-4.51,3.02,2.75,6.49,6.93,.94,1.03,1.81,3.75,5.01,5.39,6.83,6.14,3.79,5.59,1.88,-1.55,2.92,1.43,2.42,3.79,5.71,5.43,6.44,6.38,5.03,.53,6.19,6.27,4.64,5.13,3.20,2.75,2.55,1.92,3.30,2.02,-7.62,11.00,4.34,1.02,2.36,3.06,3.36,3.38,3.38,3.37,3.36,3.31,3.31,3.31
