Historical and projected real gross domestic product (GDP) and growth rates of GDP for baseline countries/regions (in billions of 2015 dollars) 1970-2033,,,,,,,,,,,,,,,,,,,,,,,,,,,,,,,,,,,,,,,,,,,,,,,,,,,,,,,,,,,,,,,,
"Updated: November 16, 2023.",,,,,,,,,,,,,,,,,,,,,,,,,,,,,,,,,,,,,,,,,,,,,,,,,,,,,,,,,,,,,,,,
,,,,,,,,,,,,,,,,,,,,,,,,,,,,,,,,,,,,,,,,,,,,,,,,,,,,,,,,,,,,,,,,
"Note: High income countries/1, High income countries less USA/2, Upper-middle income countries/3, Lower-middle income countries/4, and Low income countries/5 are categorized according to the World Bank country classifications by income level.",,,,,,,,,,,,,,,,,,,,,,,,,,,,,,,,,,,,,,,,,,,,,,,,,,,,,,,,,,,,,,,,
"BRIICs/6 are Brazil, Russia, India, Indonesia, China; Former centrally planned economies/7 Cyprus, Malta, Recently acceded countries, Other Central Europe, Former Soviet Union; USMCA/8 are Canada, Mexico, United States; Europe and Central Asia/9 are Europe, Former Soviet Union.",,,,,,,,,,,,,,,,,,,,,,,,,,,,,,,,,,,,,,,,,,,,,,,,,,,,,,,,,,,,,,,,
"Middle East and North Africa/10 are Middle East and North Africa; Other Southeast Asia Outlook/11 are Malaysia, Philippines, Thailand, Vietnam; and Other South America Outlook/12 Chile, Colombia, Peru, Bolivia, Paraguay, Uruguay.",,,,,,,,,,,,,,,,,,,,,,,,,,,,,,,,,,,,,,,,,,,,,,,,,,,,,,,,,,,,,,,,
,,,,,,,,,,,,,,,,,,,,,,,,,,,,,,,,,,,,,,,,,,,,,,,,,,,,,,,,,,,,,,,,
"Source: World Bank World Development Indicators, IHS Global Insight, Oxford Economics Forecasting, as well as estimated and projected values developed by the Economic Research Service all converted to a 2015 base year. ",,,,,,,,,,,,,,,,,,,,,,,,,,,,,,,,,,,,,,,,,,,,,,,,,,,,,,,,,,,,,,,,
"Contact: Wendy Zeng and William Johnson, USDA, Economic Research Service, Market and Trade Economics Division, International Trade Branch.",,,,,,,,,,,,,,,,,,,,,,,,,,,,,,,,,,,,,,,,,,,,,,,,,,,,,,,,,,,,,,,,
,,,,,,,,,,,,,,,,,,,,,,,,,,,,,,,,,,,,,,,,,,,,,,,,,,,,,,,,,,,,,,,,
"Real 2015 GDP levels (billions USD) (prefix y-) and annual growth rates (right side of table, prefix g-).",,,,,,,,,,,,,,,,,,,,,,,,,,,,,,,,,,,,,,,,,,,,,,,,,,,,,,,,,,,,,,,,
,Levels,,,,,,,,,,,,,,,,,,,,,,,,,,,,,,,,,,,,,,,,,,,,,,,,,,,,,,,,,,,,,,,
Country,y1970,y1971,y1972,y1973,y1974,y1975,y1976,y1977,y1978,y1979,y1980,y1981,y1982,y1983,y1984,y1985,y1986,y1987,y1988,y1989,y1990,y1991,y1992,y1993,y1994,y1995,y1996,y1997,y1998,y1999,y2000,y2001,y2002,y2003,y2004,y2005,y2006,y2007,y2008,y2009,y2010,y2011,y2012,y2013,y2014,y2015,y2016,y2017,y2018,y2019,y2020,y2021,y2022,y2023,y2024,y2025,y2026,y2027,y2028,y2029,y2030,y2031,y2032,y2033
World,18031.32,18886.63,19912.01,21199.6,21646.02,21799.32,22928.95,23872.1,24829.05,25925.97,26426.07,26926.07,27074.99,27793.03,29073.39,30109.08,31140.8,32288.38,33768,34958.99,35982.56,36469.53,37205.54,37861,39094.72,40291.52,41716.29,43339.97,44558.03,46015.47,48064.78,49051.15,50170.87,51727.47,54089.07,56318.88,58890.58,61542.28,62794.81,61981.65,64732.45,66903.29,68731.07,70683.17,72848.04,75078.28,77047.5,79579.75,82003.24,84029.85,81344.18,86304.55,88974.2,91148.18,93574.38,96339.12,99246.98,102149.56,105035.87,107976.13,110899.56,113783.41,116762.14,119839.41
World less USA,12842.95,13527.39,14270.94,15240.05,15718.68,15884.16,16695.07,17349.96,17945.89,18824.88,19343.21,19663.47,19943.33,20334.45,21075.06,21777.25,22520.47,23369.83,24476.91,25326.68,26175.3,26672.89,27063.82,27440.09,28253.97,29159.76,30164.6,31274.55,31951.9,32810.14,34314.41,35163.5,36041.34,37193.66,39003.14,40702.95,42828.82,45179.17,46454.05,46055.41,48397.9,50315.42,51770.05,53409.72,55138.26,56839.98,58536.34,60659.2,62527.15,64103.49,61976.93,65785.25,68028.44,69835.88,71997.94,74337.59,76703.3,79087.36,81512.44,84005.75,86473.73,88917.93,91449.07,94070.71
United States and Canada,5610.77,5798.42,6104.45,6454.6,6438.63,6433.92,6783.14,7090.28,7472.23,7712.02,7706.96,7908.39,7756.87,8100.04,8677.69,9043.38,9347.14,9674.97,10080.86,10440.39,10616.67,10589.17,10941.38,11241.85,11698.58,12012.69,12446.9,12998.94,13565.75,14203.05,14797.17,14949.15,15227.36,15673.48,16270.21,16859.37,17357,17747.31,17738.91,17283.44,17733.69,18031.04,18429.62,18776.26,19255.72,19794.43,20082.87,20542.09,21130.29,21607.95,20963.51,22195.57,22678.95,23070.2,23363.32,23822.74,24401.02,24954.81,25450.12,25929.82,26416.61,26890.12,27372.12,27862.76
Canada,422.41,439.18,463.38,495.05,511.29,518.76,549.26,568.15,589.07,610.93,624.1,645.79,625.2,641.47,679.37,711.55,726.81,756.42,789.78,808.07,809.4,792.52,799.65,820.93,857.83,880.94,895.2,933.52,959.62,997.73,1046.79,1061.5,1097.83,1139.67,1184.28,1243.44,1295.24,1384.21,1398.15,1357.21,1399.14,1443.17,1468.6,1502.81,1545.94,1556.13,1571.71,1621.55,1654.2,1681.59,1596.26,1676.27,1733.19,1757.9,1786.89,1821.21,1857.33,1892.62,1926.69,1959.44,1990.79,2024.63,2059.05,2094.06
United States,5188.36,5359.23,5641.07,5959.55,5927.34,5915.16,6233.88,6522.14,6883.16,7101.09,7082.86,7262.6,7131.67,7458.58,7998.32,8331.83,8620.33,8918.56,9291.09,9632.32,9807.26,9796.65,10141.73,10420.91,10840.75,11131.75,11551.7,12065.43,12606.13,13205.33,13750.37,13887.65,14129.53,14533.81,15085.93,15615.93,16061.76,16363.11,16340.76,15926.23,16334.54,16587.87,16961.02,17273.45,17709.78,18238.3,18511.16,18920.54,19476.09,19926.36,19367.25,20519.3,20945.76,21312.3,21576.43,22001.53,22543.69,23062.19,23523.44,23970.38,24425.82,24865.49,25313.06,25768.7
Latin America,1162.36,1243.09,1332.91,1440.12,1537.82,1593.01,1677.68,1759.16,1826.28,1960.6,2092.03,2107.8,2099.97,2056.13,2134.87,2203.92,2292.16,2366.88,2381.09,2424.85,2425.44,2502.4,2566.9,2672.01,2811.29,2836.75,2951.95,3107.79,3191.04,3210.74,3325.58,3341.96,3359.39,3444.03,3637.64,3783.64,3975.98,4185.93,4342.01,4254.69,4530.15,4732.39,4852.33,4992.38,5059.9,5086.88,5081.53,5176.41,5252.54,5289.91,4938.82,5280.81,5477.16,5577.07,5702.58,5860.29,6031.5,6204.23,6383.53,6569.81,6763.49,6961.06,7164.54,7374.13
Mexico,272.24,282.49,305.73,329.76,348.81,368.85,385.15,398.2,433.87,475.95,519.89,564.22,561.28,541.71,560.19,572.44,554.82,564.38,571.62,595.09,625.89,652.27,675.36,688.47,722.49,677.04,722.89,772.39,812.28,834.64,875.89,872.35,872,884.62,919.3,940.51,982.79,1005.31,1016.81,963.06,1012.35,1049.44,1087.66,1102.39,1133.3,1170.56,1204.63,1230.15,1256.43,1254.6,1151.96,1208.91,1245.86,1275.96,1301.4,1331.12,1360.15,1390.08,1420.66,1451.91,1483.86,1517.98,1552.9,1588.62
Other Caribbean Central America,135.42,143.62,153.19,161.17,168.62,172.44,181.5,194.5,205.26,211.99,215.86,223.69,225.35,226.61,236.22,239.1,244.63,251.31,257.24,264.97,264.04,263.01,268.81,273.1,280.68,292.51,302.97,316.94,331.25,346.73,360.22,372.38,381.23,389.9,410.66,426.28,449.05,469.2,480.57,476.5,489.59,504.23,518.98,532.2,545,562.43,574.13,585.71,596.25,608.98,560.56,599.29,625.5,644.64,662.39,682.46,702.87,723.73,745,766.66,788.85,810.84,833.48,856.8
Antigua and Barbuda,,,,,,,,0.35,0.36,0.39,0.42,0.44,0.44,0.46,0.51,0.55,0.61,0.65,0.68,0.72,0.74,0.76,0.77,0.81,0.86,0.82,0.88,0.93,0.97,1.01,1.07,1.02,1.03,1.09,1.16,1.23,1.39,1.52,1.52,1.33,1.23,1.21,1.25,1.24,1.29,1.34,1.41,1.45,1.56,1.63,1.35,1.44,1.56,1.59,1.64,1.68,1.72,1.77,1.82,1.86,1.91,1.96,2.01,2.06
Bahamas,4.87,4.95,4.78,5.14,4.28,3.64,3.83,4.18,4.78,6.03,6.42,5.82,6.22,6.44,7.35,7.71,7.84,8.08,8.27,8.82,8.68,8.32,8,8.02,8.28,8.64,9,9.19,9.62,10.31,10.74,11.02,11.32,11.18,11.27,11.66,11.95,12.12,11.84,11.35,11.52,11.59,11.95,11.6,11.68,11.75,11.8,11.81,12,12.21,9.3,10.58,11.43,11.91,12.26,12.55,12.78,13.01,13.23,13.45,13.65,13.85,14.06,14.27
Barbados,,,,,2.85,2.79,2.92,3.02,3.17,3.42,3.57,3.5,3.33,3.35,3.47,3.51,3.69,3.78,3.91,4.05,3.92,3.77,3.55,3.58,3.65,3.73,3.87,4.06,4.21,4.22,4.41,4.31,4.34,4.44,4.5,4.68,4.95,5.06,5.1,4.84,4.73,4.7,4.67,4.61,4.6,4.72,4.83,4.85,4.83,4.82,4.18,4.17,4.58,4.8,4.93,5.04,5.15,5.24,5.33,5.41,5.49,5.57,5.65,5.74
Belize,0.18,0.19,0.21,0.22,0.25,0.26,0.26,0.28,0.3,0.32,0.36,0.37,0.37,0.36,0.37,0.37,0.39,0.43,0.47,0.53,0.59,0.66,0.74,0.79,0.79,0.79,0.8,0.83,0.86,0.94,1.06,1.11,1.16,1.27,1.33,1.36,1.42,1.43,1.48,1.48,1.53,1.56,1.6,1.62,1.68,1.72,1.73,1.76,1.79,1.8,1.56,1.8,1.83,1.86,1.91,1.96,2,2.04,2.08,2.12,2.16,2.2,2.24,2.29
Costa Rica,8.5,9.08,9.82,10.58,11.16,11.4,12.03,13.1,13.92,14.61,14.72,14.38,13.33,13.72,14.82,14.92,15.75,16.5,17.07,18.03,18.67,19.1,20.85,22.33,23.33,24.3,24.6,25.97,27.77,28.87,29.97,31.02,32.04,33.41,34.85,36.2,38.82,41.99,43.95,43.52,45.68,47.64,49.93,51.06,52.86,54.78,57.1,59.31,60.88,62.15,59.5,64.13,66.89,69.09,71.72,74.3,76.68,79.13,81.67,84.28,86.98,89.85,92.81,95.87
Cuba,23.12,25.11,26.32,27.22,27.49,30.09,31.73,34.49,36.77,37.17,35.36,42.33,46.1,48.6,52.45,53.29,53.34,52.06,53.98,54.35,52.75,47.11,41.65,35.46,35.71,36.59,39.46,40.55,40.62,43.13,45.68,47.14,47.81,49.62,52.49,58.37,65.41,70.16,73.05,74.11,75.88,78.01,80.36,82.57,83.43,87.13,87.58,89.17,91.17,91.56,81.58,82.64,84.29,86.16,87.85,89.84,92.11,94.5,97.05,99.77,102.66,105.64,108.7,111.86
Dominica,,,,,,,,0.21,0.23,0.19,0.22,0.24,0.25,0.26,0.27,0.27,0.29,0.31,0.33,0.33,0.35,0.36,0.36,0.37,0.37,0.38,0.39,0.4,0.42,0.42,0.43,0.43,0.42,0.44,0.46,0.46,0.48,0.51,0.55,0.54,0.54,0.54,0.54,0.53,0.56,0.54,0.55,0.52,0.53,0.56,0.47,0.5,0.52,0.54,0.57,0.59,0.6,0.61,0.62,0.63,0.64,0.65,0.65,0.66
Dominican Republic,7.94,8.81,9.72,10.98,11.63,12.24,13.06,13.71,14.01,14.64,15.81,16.48,16.76,17.54,17.76,17.38,18,19.82,20.24,21.13,19.98,20.17,22.43,24.09,24.71,26.12,27.68,30.14,32.16,34.07,35.66,36.54,38.18,37.66,38.63,42.28,46.15,49.58,51.17,51.65,55.96,57.71,59.28,62.17,66.55,71.16,75.9,79.45,84.99,89.32,83.31,93.52,98.07,102.77,107.1,112.11,117.21,122.49,128,133.5,139.24,144.67,150.31,156.18
El Salvador,10.49,10.89,11.56,12.12,12.77,13.14,13.8,14.74,15.53,14.88,13.12,11.75,11.01,11.18,11.33,11.4,11.42,11.71,11.93,12.04,12.63,12.81,13.71,14.51,15.19,15.91,16.04,16.54,16.98,17.35,17.55,17.7,17.98,18.26,18.42,18.92,19.74,20.11,20.63,20.2,20.62,21.41,22.01,22.5,22.89,23.44,24.04,24.58,25.17,25.77,23.76,26.41,27.1,27.6,28.05,28.76,29.45,30.16,30.88,31.62,32.38,33.09,33.82,34.57
Grenada,,,,,,0.26,0.28,0.29,0.31,0.33,0.33,0.33,0.35,0.36,0.37,0.39,0.42,0.46,0.47,0.49,0.51,0.52,0.51,0.5,0.51,0.52,0.55,0.57,0.64,0.68,0.72,0.7,0.73,0.8,0.79,0.9,0.86,0.91,0.92,0.86,0.86,0.86,0.85,0.87,0.94,1,1.03,1.08,1.12,1.16,1,1.05,1.11,1.14,1.17,1.2,1.23,1.26,1.29,1.32,1.35,1.38,1.41,1.44
Guatemala,13.08,13.81,14.83,15.83,16.84,17.17,18.44,19.88,20.87,21.86,22.68,22.83,22.02,21.45,21.56,21.43,21.46,22.22,23.08,23.99,24.74,25.64,26.89,27.94,29.07,30.51,31.41,32.78,34.42,35.74,37.03,37.89,39.36,40.36,41.63,42.98,45.3,48.15,49.73,49.99,51.43,53.57,55.16,57.2,59.74,62.19,63.85,65.78,67.9,70.51,69.24,74.79,77.87,80.69,83.14,86.03,88.57,91.05,93.5,95.93,98.33,100.69,103.11,105.58
Haiti,4.65,4.95,5,5.24,5.54,5.61,6.08,6.31,6.7,7.2,7.73,7.51,7.25,7.31,7.33,7.38,7.34,7.28,7.3,7.08,7.16,7.29,6.91,6.53,5.75,6.32,6.58,6.76,6.91,7.09,7.16,7.08,7.06,7.09,6.84,6.96,7.12,7.36,7.42,7.65,7.41,7.82,8.04,8.39,8.62,8.72,8.85,8.96,9.09,9,8.7,8.55,8.4,8.41,8.5,8.61,8.81,9.03,9.24,9.46,9.69,9.94,10.2,10.47
Honduras,3.96,4.12,4.36,4.7,4.64,4.74,5.24,5.78,6.13,6.47,6.51,6.43,6.3,6.36,6.76,7.14,7.52,8.02,8.16,8.38,8.62,8.33,8.84,9.41,9.43,10.01,10.2,10.67,11.05,10.97,11.77,12.09,12.55,13.12,13.93,14.78,15.75,16.72,17.43,17,17.64,18.32,19.07,19.6,20.2,20.98,21.8,22.85,23.7,24.33,22.14,24.92,24.84,25.67,26.54,27.43,28.34,29.28,30.25,31.24,32.27,33.34,34.44,35.58
Jamaica,8.95,9.17,10.82,10.22,9.79,9.77,9.11,8.88,8.87,8.78,8.28,8.49,8.67,8.84,8.7,8.44,8.6,9.28,9.65,10.34,10.77,11.29,11.52,12.6,12.77,13.07,13.06,12.91,12.61,12.74,12.85,13.03,13.29,13.77,13.96,14.08,14.49,14.7,14.58,13.94,13.74,13.98,13.89,13.96,14.06,14.19,14.38,14.53,14.81,14.91,13.39,14.01,14.74,15.05,15.29,15.59,15.91,16.21,16.5,16.78,17.05,17.34,17.63,17.93
Nicaragua,5.81,6,6.14,6.53,7.46,7.45,7.83,8.49,7.82,5.75,6.02,6.34,6.29,6.58,6.48,6.21,6.15,6.1,5.34,5.25,5.25,5.24,5.26,5.24,5.41,5.73,6.1,6.34,6.57,7.04,7.32,7.54,7.6,7.79,8.2,8.56,8.91,9.36,9.68,9.37,9.78,10.4,11.07,11.62,12.17,12.76,13.34,13.96,13.41,12.89,12.66,13.97,14.49,14.78,15.12,15.5,15.83,16.17,16.51,16.85,17.21,17.55,17.9,18.26
Panama,6.61,7.24,7.57,7.98,8.18,8.32,8.46,8.55,9.39,9.81,11.09,12.11,12.76,12.19,12.52,13.14,13.61,13.36,11.57,11.75,12.71,13.9,15.04,15.86,16.32,16.6,17.28,18.4,19.75,20.52,21.08,21.2,21.67,22.58,24.28,26.03,28.28,31.67,34.79,35.22,37.27,41.49,45.55,48.69,51.16,54.09,56.77,59.95,62.16,64.03,52.54,60.6,67.13,69.41,71.41,73.58,75.95,78.38,80.89,83.47,86.15,88.73,91.39,94.13
Puerto Rico,31.19,33.18,35.56,37.82,38.92,38.67,41.08,43.52,46.54,50.22,52.35,52.95,52.13,50.91,53.93,55.6,58.36,61.73,65.36,68.2,66.26,67.79,70.88,74.17,77.28,80.79,82.66,86.7,91.49,96.42,99.58,105.87,106.84,106.89,116.24,113.93,112.33,111.02,108.98,106.85,106.41,106.02,106.06,105.73,104.47,103.38,102.07,99.12,94.51,95.63,91.61,92.01,95.1,96.8,98.26,100.24,102.56,104.92,107.12,109.37,111.56,113.68,115.84,118.04
St. Kitts Nevis,,,,,,,,0.2,0.21,0.23,0.25,0.25,0.25,0.26,0.28,0.3,0.33,0.36,0.39,0.41,0.43,0.42,0.44,0.47,0.5,0.52,0.55,0.59,0.59,0.61,0.67,0.71,0.72,0.7,0.73,0.8,0.8,0.81,0.86,0.82,0.82,0.83,0.82,0.86,0.91,0.92,0.95,0.93,0.96,0.98,0.84,0.83,0.9,0.93,0.97,1,1.03,1.05,1.09,1.12,1.15,1.18,1.21,1.25
St. Lucia,,,,,,,,0.48,0.53,0.55,0.54,0.58,0.59,0.62,0.66,0.72,0.82,0.85,0.97,1.06,1.16,1.17,1.26,1.27,1.29,1.31,1.35,1.34,1.42,1.46,1.46,1.41,1.42,1.48,1.59,1.58,1.68,1.71,1.79,1.74,1.77,1.86,1.86,1.8,1.83,1.81,1.88,1.95,2,2.03,1.54,1.72,2,2.11,2.18,2.24,2.28,2.33,2.38,2.43,2.48,2.53,2.59,2.64
St. Vincent Grenadines,0.17,0.18,0.23,0.2,0.18,0.17,0.19,0.21,0.23,0.24,0.25,0.26,0.27,0.27,0.29,0.31,0.33,0.33,0.38,0.38,0.4,0.4,0.43,0.44,0.44,0.47,0.48,0.5,0.52,0.53,0.54,0.55,0.58,0.63,0.65,0.67,0.72,0.75,0.76,0.74,0.72,0.71,0.72,0.74,0.75,0.76,0.77,0.78,0.79,0.8,0.75,0.76,0.79,0.84,0.88,0.91,0.93,0.95,0.98,1,1.03,1.05,1.08,1.1
Trinidad and Tobago,5.88,5.94,6.28,6.39,6.63,6.73,7.16,7.81,8.6,8.91,9.83,10.28,10.67,9.57,9.02,8.65,8.37,7.99,7.67,7.61,7.72,7.96,8.77,8.71,9.02,9.36,10.03,10.79,11.66,12.6,13.47,14.03,15.14,17.33,18.71,19.87,22.49,23.56,24.36,23.29,24.07,23.99,24.3,24.84,24.61,25.06,23.48,22.94,22.89,22.89,21.13,20.91,21.88,22.47,22.89,23.29,23.73,24.15,24.59,25.03,25.48,25.94,26.41,26.88
South America,754.7,816.98,873.99,949.19,1020.38,1051.72,1111.04,1166.46,1187.15,1272.67,1356.27,1319.89,1313.34,1287.82,1338.46,1392.37,1492.71,1551.2,1552.23,1564.79,1535.51,1587.13,1622.73,1710.43,1808.12,1867.2,1926.09,2018.46,2047.52,2029.37,2089.47,2097.23,2106.15,2169.52,2307.68,2416.84,2544.14,2711.42,2844.64,2815.13,3028.21,3178.72,3245.69,3357.79,3381.6,3353.88,3302.77,3360.55,3399.87,3426.33,3226.31,3472.61,3605.8,3656.47,3738.79,3846.72,3968.47,4090.42,4217.87,4351.24,4490.78,4632.23,4778.16,4928.72
Argentina,220.73,233.22,237.02,243.69,257.17,257.1,251.91,269.38,257.24,283.54,287.84,272.9,270.9,282.68,287.12,272.22,288.97,296.79,293.55,272.54,265.82,290.09,313.12,338.82,358.59,348.39,367.64,397.46,412.77,398.79,395.65,378.2,337,366.78,399.9,435.3,470.33,512.69,533.49,501.92,552.74,585.92,579.91,593.86,578.94,594.75,582.38,597.92,583.08,570.47,513.74,567.16,596.9,601.39,609.07,618.02,627.5,638.79,652.2,667.86,685.89,705.09,724.84,745.13
Brazil,345,383.97,430.25,490.39,534.73,562.59,617.67,646.12,667,712.13,777.01,742.88,747.19,721.71,759.74,820.11,885.62,917.5,916.55,946.61,917.25,931.11,926.77,970,1021.75,1066.87,1090.43,1127.44,1131.26,1136.55,1186.42,1202.91,1239.64,1253.78,1326,1368.46,1422.68,1509.03,1585.91,1583.91,1703.15,1770.84,1804.86,1859.1,1868.47,1802.21,1743.18,1766.24,1789.5,1809.84,1745.06,1837.89,1892.95,1923.72,1966.41,2026.87,2094.92,2164.06,2235.47,2309.24,2385.44,2461.78,2540.56,2621.85
Other South America,188.96,199.79,206.72,215.11,228.48,232.03,241.46,250.97,262.91,277,291.42,304.11,295.25,283.43,291.61,300.05,318.12,336.92,342.13,345.64,352.45,365.92,382.84,401.61,427.78,451.94,468.02,493.55,503.5,494.03,507.4,516.11,529.51,548.95,581.78,613.08,651.13,689.7,725.24,729.3,772.32,821.95,860.91,904.83,934.19,956.92,977.21,996.39,1027.29,1046.03,967.5,1067.55,1115.94,1131.35,1163.32,1201.83,1246.05,1287.58,1330.19,1374.14,1419.45,1465.36,1512.77,1561.73
Bolivia,8.07,8.48,9.15,9.68,9.96,10.69,11.18,11.74,11.98,12,11.83,11.87,11.4,10.94,10.92,10.73,10.46,10.71,11.03,11.44,11.97,12.61,12.81,13.36,13.98,14.64,15.28,16.03,16.84,16.91,17.33,17.63,18.06,18.55,19.33,20.18,21.15,22.12,23.48,24.27,25.27,26.58,27.94,29.84,31.47,33,34.41,35.85,37.36,38.19,34.86,36.98,38.27,39.35,40.44,41.73,43.07,44.45,45.87,47.34,48.85,50.41,52.03,53.69
Chile,41.06,44.93,44.47,42.24,43.24,37.66,39.1,43.19,46.51,50.43,54.46,58.01,51.62,49.03,51.04,53.09,55.94,59.56,63.93,70.28,72.62,78.29,87.03,92.76,97.43,106.13,113.35,121.77,127.04,126.51,133.25,137.65,141.93,147.74,158.39,167.49,178.07,186.8,193.39,190.37,201.49,213.81,225.18,234.29,238.43,243.92,248.09,251.04,260.96,263.71,246.83,276.25,283.14,282.77,288.24,294.93,302.5,310.67,319.36,328.63,338.48,348.98,359.8,370.95
Colombia,50.39,53.39,57.49,61.35,64.88,66.38,69.52,72.41,78.55,82.77,86.16,88.12,88.95,90.35,93.38,96.28,101.89,107.36,111.72,115.54,120.48,122.9,127.87,134.75,142.59,150.01,153.09,158.34,159.24,152.55,157.01,159.65,163.64,170.06,179.12,187.77,200.39,213.89,220.91,223.43,233.47,249.69,259.46,272.78,285.06,293.48,299.61,303.68,311.32,321.66,298.33,331.2,356.02,358.09,364.61,377.14,392.35,407.65,423.14,438.8,454.59,469.59,485.09,501.1
Ecuador,17.35,18.44,19.36,22.07,24.54,27.23,29.25,29.72,31.41,32.58,33.79,35.69,35.91,35.79,36.73,38.17,39.5,39.39,41.71,42.13,43.68,45.56,46.52,47.44,49.46,50.57,51.45,53.68,55.43,52.8,53.38,55.52,57.8,59.37,64.25,67.65,70.62,72.17,76.76,77.19,79.92,86.2,91.07,95.57,99.19,99.29,98.07,100.4,101.69,101.74,93.82,97.79,100.68,103.03,105.53,108.55,111.49,114.5,117.59,120.77,124.03,127.38,130.82,134.35
Guyana,1.55,1.6,1.55,1.57,1.69,1.83,1.86,1.81,1.78,1.74,1.77,1.8,1.56,1.46,1.38,1.42,1.4,1.42,1.36,1.3,1.26,1.33,1.44,1.55,1.69,1.77,1.91,2.03,2,2.06,2.03,2.07,2.1,2.08,2.12,2.08,2.18,2.33,2.38,2.47,2.57,2.7,2.84,2.99,3.1,3.2,3.3,3.37,3.51,3.68,5.14,6.23,10.01,12.73,18.24,21.95,27.21,28.33,29.24,30.14,31.05,31.79,32.55,33.34
Paraguay,4.67,4.93,5.26,5.64,6.12,6.54,7.03,7.84,8.78,9.82,10.97,11.97,11.81,11.45,11.77,12.3,12.91,13.89,14.72,15.74,16.38,16.96,17.24,18.1,19.06,20.36,20.68,21.56,21.57,21.28,20.78,20.61,20.61,21.5,22.37,22.85,23.94,25.24,26.85,26.78,29.76,31.03,30.86,33.46,35.08,36.16,37.72,39.59,40.92,40.91,40.57,42.2,42.24,44.11,45.86,47.61,49.55,51.53,53.54,55.58,57.63,59.71,61.86,64.09
Peru,45.97,48.08,49.75,52.87,57.83,60.32,61.19,61.41,59.78,62.23,65.93,69.59,69.43,62.21,64.45,65.78,71.98,78.98,71.52,62.72,59.59,60.92,60.59,63.76,71.61,76.92,79.07,84.19,83.86,85.12,87.41,87.95,92.75,96.61,101.4,107.77,115.89,125.76,137.24,138.74,150.3,159.81,169.62,179.55,183.83,189.81,197.31,202.28,210.32,214.85,190.95,217.2,223.07,227.09,234.09,241.55,250.07,259.07,268.4,278.06,288.07,298.73,309.78,321.24
Suriname,2.06,2.14,2.12,2.08,2.09,2.15,2.34,2.58,2.75,2.73,2.49,2.67,2.56,2.46,2.41,2.46,2.48,2.33,2.51,2.61,2.49,2.56,2.57,2.4,2.48,2.48,2.51,2.65,2.71,2.67,2.73,2.84,2.92,3.11,3.37,3.52,3.73,3.92,4.08,4.2,4.42,4.68,4.8,4.94,4.96,4.79,4.52,4.6,4.72,4.68,3.94,3.83,3.91,4,4.1,4.21,4.33,4.45,4.59,4.73,4.88,5.04,5.2,5.36
Uruguay,17.85,17.8,17.57,17.62,18.13,19.23,19.99,20.28,21.37,22.69,24.02,24.39,22.01,19.75,19.53,19.81,21.56,23.28,23.63,23.89,23.96,24.81,26.77,27.49,29.49,29.06,30.68,33.3,34.81,34.13,33.47,32.19,29.7,29.94,31.44,33.78,35.17,37.47,40.15,41.86,45.13,47.45,49.13,51.41,53.08,53.27,54.17,55.58,56.48,56.6,53.06,55.86,58.61,60.18,62.22,64.16,65.49,66.93,68.47,70.11,71.86,73.73,75.65,77.62
Venezuela,214.35,217.52,220.31,235.98,240.86,247.83,266.99,283.73,290.39,292.61,279.67,278.66,272.88,262.61,266.4,266.91,284.29,294.47,311.61,284.91,299.51,328.64,348.55,349.48,341.17,354.49,353.64,381.48,382.6,359.76,373.02,385.68,351.53,324.26,383.56,423.14,464.91,505.6,532.29,515.24,507.57,528.77,558.52,566.02,543.98,510.14,423.21,356.88,286.86,193.8,157.59,166.79,189.2,193.57,201.89,207.84,213.77,219.76,225.91,232.24,238.74,245.19,251.81,258.6
Europe,6564.23,6885.87,7204.61,7655.04,7831.63,7786.45,8128.69,8374.64,8647.25,8976.61,9136.55,9159.24,9240.84,9429.29,9682.1,9945.41,10214.31,10509.5,10945.2,11336.09,11605.67,11717.45,11803.09,11787.95,12117.8,12429.78,12681.1,13048.87,13455.04,13851.47,14380.6,14708.4,14897.93,15086.1,15480.75,15821.63,16356.5,16861.42,16956.32,16244.64,16597.98,16897.62,16859.91,16931.27,17235.32,17635.82,17989.79,18447.96,18822.16,19100.24,17871.06,18886.96,19572.34,19704.9,19940.3,20288.79,20635.16,20966.37,21287.41,21607.6,21920.53,22215.34,22514.54,22818.19
European Union 27,5028.02,5291.63,5544.7,5902.7,6098.59,6090.76,6394.53,6595.17,6807.04,7071.21,7233.64,7256.63,7315.42,7437.66,7635.9,7814.46,8019.58,8220.66,8549.98,8858.54,9103.73,9240.09,9323.41,9267.62,9510.57,9761.01,9944.74,10208.59,10515.85,10826.23,11248.32,11493.24,11620.95,11725.75,12030.03,12261.26,12689.53,13090.04,13173.46,12599.43,12880.87,13123.96,13030.46,13025.22,13232.78,13546.91,13825.21,14202.81,14507.73,14727.68,13872.66,14624.02,15153.48,15265.03,15461.82,15749.94,16028.85,16292.06,16544.23,16795.51,17039.08,17270.84,17506.1,17744.93
Euro Zone,4463.83,4632.46,4858.37,5184.6,5351.36,5317.13,5583.1,5755.41,5935.21,6164.34,6298.06,6333.78,6381.73,6472.82,6628.1,6781.37,6952.57,7129.04,7434.31,7737.42,8012.54,8208.43,8304.8,8244.37,8445.17,8648.32,8794.94,9032.79,9306.84,9582.85,9952.5,10171.33,10267.21,10336.37,10573.5,10751.17,11098.07,11431.31,11478.56,10958.94,11197.53,11392.57,11294.99,11268.53,11428.08,11672.14,11896.01,12199.16,12434.1,12593.18,11801.69,12431.88,12873.04,12977.24,13123.25,13347.66,13563,13765.3,13959.06,14152.66,14340.66,14517.8,14697.29,14879.18
European Union 15,5809.39,6019.19,6300.85,6685.43,6823.77,6768.72,7075.85,7273.51,7509.38,7798.14,7904.44,7926.26,8005.33,8157.43,8357.21,8579.06,8808.49,9072.64,9472.35,9823.28,10114.04,10304.35,10425.49,10407.49,10696.74,10961.1,11160.99,11482.61,11842.92,12209.82,12674.37,12960.99,13112.04,13258.95,13568.14,13830.76,14264.54,14660.48,14691.02,14043.65,14358.18,14604.56,14541.74,14580.52,14823.67,15154.97,15447.97,15816.44,16098.74,16306.99,15160.14,16029.07,16612.85,16720.41,16888.25,17158.27,17427.54,17684.48,17933.09,18181.77,18425.03,18651.77,18881.44,19114.07
Belgium and Luxembourg,183.62,190.79,201.04,214.11,223.84,218.79,230.75,232.33,239.1,244.69,255.05,254.29,255.89,257.08,263.98,268.52,274.77,281.41,295.4,306.95,317.07,324.5,329.54,327.72,338.46,346.26,350.86,364.73,373.14,387.98,404,408.99,416.81,421.37,436.44,446.94,459.51,478.59,479.86,468.99,483.38,492,495.07,498.98,508.3,519.89,529.37,539.38,548.41,556.67,529.79,562.33,579.47,585.28,592.61,604.4,614.14,624.04,634.1,644.32,654.7,664.1,673.63,683.3
Austria,135.11,142.03,150.84,158.22,164.46,163.86,171.36,180.07,179.69,189.31,192.59,192.31,196.18,202.01,202.12,207.17,211.93,214.81,221.89,230.51,240.53,248.81,254.02,255.36,261.49,268.47,274.78,280.53,290.58,300.91,311.07,315.01,320.21,323.23,332.07,339.52,351.25,364.34,369.66,355.74,362.28,372.87,375.4,375.5,377.98,381.82,389.77,399.42,409.09,415.69,388.46,406.82,427.08,429.17,433.9,440.71,448.04,455.2,462.49,469.89,477.41,484.09,490.87,497.74
Belgium,172.29,179.16,188.65,200.69,209.85,205.72,217.35,218.71,224.93,230.19,240.42,239.75,241.18,241.93,247.9,251.99,256.59,262.5,274.9,284.44,293.36,298.74,303.31,300.4,310.09,317.48,321.68,333.88,340.43,352.49,365.6,369.62,375.92,379.83,393.39,402.52,412.8,427.98,429.89,421.2,433.27,440.61,443.87,445.9,452.94,462.15,468.98,477.91,485.02,491.83,465.46,494.72,510.78,516.51,522.82,533.44,541.98,550.66,559.47,568.42,577.51,585.6,593.8,602.11
Denmark,132.72,136.71,142.08,147.9,146.24,144.11,152.64,155.5,158.96,165.11,164.31,163.22,169.23,173.63,180.86,188.1,197.33,197.83,197.8,199.08,202.01,204.83,208.84,208.86,220,226.66,233.23,240.84,246.18,253.44,262.93,265.1,266.33,267.37,274.51,280.92,291.91,294.57,293.06,278.68,283.89,287.69,288.34,291.03,295.74,302.67,312.5,318.86,326.49,334.21,327.54,343.45,356.56,359.61,364.33,371.33,378.76,385.95,392.9,399.58,405.97,412.87,419.89,427.03
Finland,78.87,80.73,86.97,93.04,96.06,97.79,98.13,98.36,101.23,108.44,114.29,115.79,119.39,123.11,127.1,131.61,135.23,140.07,147.37,154.87,155.91,146.73,141.9,140.96,146.55,152.73,158.33,168.36,177.55,185.32,196.02,201.14,204.57,208.67,217,223.03,232.01,244.31,246.22,226.34,233.55,239.5,236.16,234.03,233.17,234.44,240.79,248.26,252.31,254.78,248.8,256.33,261.43,260.8,262.93,266.56,269.69,272.93,276.48,280.35,284.55,288.82,293.15,297.55
France,910.27,958.67,1001.92,1065.48,1111.31,1100.64,1148.59,1188.38,1235.66,1279.53,1299.73,1313.63,1346.54,1363.25,1383.88,1406.34,1439.21,1476.08,1546.09,1613.25,1660.42,1677.83,1704.66,1693.94,1733.89,1770.42,1795.44,1837.38,1903.32,1968.44,2045.68,2086.26,2109.95,2127.32,2187.51,2223.9,2278.37,2333.61,2339.56,2272.34,2316.64,2367.43,2374.85,2388.53,2411.37,2438.21,2464.92,2521.4,2566.6,2605.32,2399.41,2561.72,2627.13,2643.14,2663.24,2703.89,2738.03,2770.89,2804.14,2837.79,2871.84,2903.44,2935.37,2967.66
Germany,1396.39,1440.14,1502.07,1573.83,1587.84,1574.07,1651.98,1707.27,1758.64,1831.63,1857.43,1867.26,1859.89,1889.13,1942.46,1987.68,2033.15,2061.66,2138.09,2221.4,2338.13,2457.57,2504.95,2480.42,2539.9,2578.89,2600.06,2646.43,2699.87,2750.95,2830.59,2878.65,2872.93,2852.43,2886.38,2907.21,3018.11,3108.17,3138.08,2959.3,3082.97,3203.95,3217.39,3231.17,3303.08,3360.55,3435.49,3520.18,3573.95,3594.11,3448.07,3537.25,3604.07,3610.52,3650.06,3707.14,3769.34,3825.88,3879.44,3933.75,3984.89,4032.71,4081.1,4130.08
Greece,94.6,102.02,112.38,121.47,113.65,120.89,129.17,132.97,142.61,147.29,148.29,145.98,144.33,142.77,145.64,149.3,150.07,146.68,152.97,158.78,158.78,163.7,164.85,162.21,165.46,168.93,173.77,181.56,188.63,194.43,202.05,210.39,218.65,231.32,243.03,244.48,258.3,266.76,265.86,254.43,240.49,218.53,202.57,196.01,197.46,196.59,196.22,199.17,203.02,206.82,188.81,204.1,216.48,221.51,225.63,231.61,235.74,239.75,243.58,247.24,250.7,253.71,256.75,259.83
Ireland,35.71,36.95,39.35,41.21,42.96,45.39,46.02,49.8,53.38,55.02,56.72,58.6,59.94,59.8,62.4,64.33,64.05,67.04,70.53,74.63,80.95,82.52,85.27,87.57,92.61,101.53,109.06,120.95,131.47,145.27,159,167.39,177.3,182.65,194.93,206.04,216.49,228.02,217.8,206.74,210.48,211.2,211.68,214.54,232.9,291.5,302.22,326.84,353.54,373.16,394.22,447.08,501.48,509.6,524.49,535.14,545.81,556.73,567.86,579.22,590.8,602.62,614.67,626.96
Italy,846.61,862,893.81,957.51,1010.17,989.06,1059.53,1086.66,1121.87,1188.72,1229.5,1239.88,1245,1259.56,1300.19,1336.57,1374.8,1418.68,1478.19,1528.27,1558.62,1582.6,1595.8,1582.19,1616.23,1662.88,1683.95,1714.77,1745.82,1774.2,1841.39,1877.32,1882.09,1884.7,1911.53,1927.16,1961.67,1990.84,1971.69,1867.56,1899.56,1913,1855.97,1821.8,1821.72,1835.9,1859.65,1890.66,1905.75,1911.49,1738.62,1859.71,1930.88,1952.73,1964.23,1987.19,2010.42,2032.53,2050.82,2067.23,2081.7,2096.27,2110.95,2125.72
Luxembourg,11.33,11.63,12.4,13.43,13.99,13.07,13.4,13.61,14.17,14.5,14.62,14.54,14.71,15.15,16.08,16.53,18.18,18.9,20.5,22.51,23.71,25.76,26.23,27.33,28.37,28.78,29.18,30.84,32.71,35.48,38.41,39.38,40.88,41.55,43.05,44.41,46.71,50.62,49.97,47.79,50.12,51.39,51.21,53.08,55.36,57.74,60.39,61.47,63.39,64.84,64.34,67.62,68.68,68.77,69.8,70.96,72.15,73.38,74.63,75.9,77.19,78.5,79.83,81.19
Netherlands,278.43,290.45,300.71,317.08,327.99,327.99,342.61,351.25,360.72,367.98,372.92,370,365.41,372.97,384.39,394.31,405.3,413.12,427.34,446.23,464.9,476.23,484.36,490.45,504.97,520.71,538.93,562.26,588.48,618.11,644.04,659.02,660.46,661.48,674.61,688.45,712.28,739.15,755.19,727.5,737.27,748.71,740.99,740.03,750.56,765.26,782.04,804.8,825.71,840.66,807.86,847.11,885.39,890.16,900.61,918.84,934.19,949.14,964.32,979.75,995.43,1009.36,1023.5,1037.82
Portugal,66.45,70.86,76.54,85.11,86.09,82.34,88.03,92.96,95.58,100.97,105.6,107.31,109.6,109.41,107.35,110.37,114.94,122.27,131.43,139.89,145.42,151.77,153.43,150.29,151.74,158.24,163.78,170.99,179.21,186.21,193.32,197.08,198.6,196.75,200.27,201.84,205.12,210.26,210.93,204.34,207.89,204.37,196.08,194.27,195.8,199.31,203.34,210.47,216.02,220.69,202.38,213.51,227.88,233.68,238.1,245.69,250.79,255.55,259.89,263.79,267.22,270.16,273.13,276.14
Spain,386.55,404.53,437.49,471.57,498.07,500.77,517.31,531.99,539.78,540,551.93,551.2,558.07,567.95,578.08,591.5,610.75,644.62,677.46,710.17,737.02,755.78,762.81,754.94,772.93,794.24,815.37,845.56,882.71,922.35,970.74,1008.91,1036.47,1067.37,1100.71,1140.9,1187.71,1230.53,1241.44,1194.72,1196.67,1186.93,1151.8,1135.27,1150.98,1195.12,1231.35,1266.95,1296.74,1322.4,1172.64,1237.36,1304.82,1332.31,1351.1,1379.73,1410.85,1437.66,1462.1,1486.95,1510.74,1533.4,1556.4,1579.75
Sweden,196.15,198,202.53,210.57,217.31,222.85,225.21,221.62,225.5,234.16,238.14,239.22,242.21,246.81,257.25,262.81,269.88,278.93,286.07,293.67,295.88,292.49,289.1,283.13,294.26,305.84,310.67,320.21,334.01,348.2,364.8,370.08,378.21,386.95,403.73,415.27,434.64,449.58,447.56,428.14,453.62,468.11,465.36,470.89,483.4,505.1,515.56,528.8,539.11,545.56,532.86,560.36,575.54,569.66,575.08,585.7,596.97,608.32,619.27,629.79,639.87,650.11,660.51,671.08
United Kingdom,1067.9,1105.33,1153.1,1228.33,1197.81,1180.16,1214.5,1244.35,1296.67,1345.28,1317.95,1307.57,1333.66,1389.96,1421.5,1480.46,1527.1,1609.45,1701.71,1745.57,1758.38,1738.98,1745.96,1789.43,1858.25,1905.3,1952.77,2028.04,2101.96,2174.02,2248.75,2315.64,2369.46,2447.33,2505.43,2585.1,2657.18,2721.76,2714.11,2598.82,2649.48,2690.29,2730.08,2788.49,2861.19,2928.59,2984.77,3041.24,3082.01,3125.43,2780.67,2991.93,3114.65,3122.23,3141.94,3180.33,3224.78,3269.93,3315.7,3362.12,3409.19,3450.1,3491.51,3533.4
Recently acceded countries,286.53,377.77,396.95,445.6,472.63,502.2,533.18,566.01,594.33,618.35,647.15,637.94,643.75,670.18,700.19,715.86,738.18,757.46,779.34,780.83,748.08,674.72,643.88,649.56,672.07,705.2,736.52,754.02,774.89,790.43,822.7,847.89,878.38,914.13,967.33,1015.59,1082.17,1151.32,1196.54,1154.6,1172.18,1209.69,1218.8,1233.18,1270.31,1320.54,1362.01,1427.61,1491,1546.12,1493.19,1586.88,1655.28,1666.85,1715.52,1771.99,1826.09,1877.51,1926.84,1975.86,2023.24,2069.17,2116.17,2164.26
Bulgaria,,,,,,,,,,,29.79,31.25,31.98,33.08,34.2,35.12,36.6,38.81,43.06,41.64,37.85,34.65,32.13,31.65,32.23,33.15,34.86,29.91,31.19,28.61,29.98,31.12,32.97,34.67,36.9,39.54,42.23,45,47.74,46.11,46.37,47.46,47.63,47.78,48.69,50.63,52.56,54.4,56.08,57.97,55.64,59.6,61.85,62.29,63.98,66.11,68.5,70.63,72.67,74.49,76.28,78.11,79.98,81.9
Croatia,20,21.03,21.56,22.12,22.7,23.3,23.91,25.75,27.78,29.4,30.6,31.33,31.74,32.87,34.56,36.26,36.51,37.57,36.88,37.67,42.61,33.62,29.68,32.79,32.95,33.05,34.98,37.34,38.09,37.78,39.02,40.33,42.39,44.78,46.64,48.65,51.09,53.78,54.72,50.7,49.94,49.78,48.67,48.4,48.35,49.53,51.26,52.87,54.29,55.88,51.09,57.77,61.42,62.23,63.85,65.48,67.12,68.73,70.31,71.86,73.37,74.98,76.63,78.32
Cyprus,,,,,,3.09,3.71,4.32,4.66,5.12,5.42,5.55,5.89,6.21,6.76,7.09,7.35,7.87,8.55,9.23,9.91,9.99,10.93,11,11.65,12.63,12.78,13.12,13.92,14.62,15.49,16.1,16.7,17.14,18,18.88,19.77,20.77,21.53,21.1,21.52,21.61,20.86,19.5,19.13,19.78,21.11,22.03,22.93,23.67,22.64,24.14,25.5,26.04,26.73,27.6,28.4,29.17,29.89,30.58,31.22,31.88,32.55,33.23
Czech Republic,,70.23,72.4,74.64,76.95,79.33,81.79,84.32,86.92,89.61,92.38,95.24,98.19,101.22,104.35,107.58,110.91,114.34,117.87,121.52,119.77,105.85,105.32,105.38,108.45,115.2,120.06,119.35,118.96,120.66,125.81,129.47,131.61,136.35,143.04,152.38,162.83,171.95,176.56,168.08,171.9,174.96,173.56,172.72,177.41,186.83,191.41,199.74,205.42,210.7,199.07,206.03,211.1,211.2,217.07,223.47,229.52,235.26,240.67,245.72,250.39,254.65,258.98,263.38
Estonia,9.8,10.1,10.41,10.74,11.07,11.41,11.76,12.13,12.5,12.89,12.73,12.91,13.65,14.15,14.55,14.62,14.78,15.3,15.74,16.22,15.09,13.88,10.94,10.01,9.85,10.29,10.8,12.21,12.74,12.69,13.97,14.8,15.81,17.01,18.16,19.88,21.81,23.47,22.27,19.06,19.57,21.03,21.68,21.97,22.63,23.05,23.66,25.02,26.21,27.34,27.21,29.39,29.08,28.7,29.54,30.62,31.48,32.39,33.36,34.4,35.5,36.67,37.88,39.13
Hungary,44.76,47.55,50.47,53.93,57.09,60.64,62.79,67.59,70.6,72.49,72.65,74.73,76.85,77.41,79.46,79.27,80.52,83.74,85.52,86.18,83.14,78.83,76.42,75.98,78.22,79.38,79.45,81.95,85.14,87.76,91.69,95.42,99.95,104.03,109.05,113.67,118.26,118.54,119.8,111.77,112.51,114.56,112.87,115.09,119.92,124.53,127.27,132.77,139.53,146.41,139.46,149.49,156.36,154.86,159.8,162.26,165.07,168.04,171.07,174.15,177.28,180.47,183.72,187.03
Latvia,11.2,12.07,12.69,13.42,14.08,15.04,15.89,16.4,16.94,17.45,18.17,18.93,19.38,20.39,21.56,21.48,22.49,23.02,24.19,25.57,24.85,21.7,14.86,13.07,13.35,12.2,12.51,13.63,14.49,14.9,15.74,16.73,17.92,19.44,21.06,23.32,26.09,28.7,27.74,23.79,22.73,24.16,25.16,25.74,26.23,27.09,27.57,28.61,29.84,30.5,29.81,31,31.87,32.08,32.95,34.05,34.93,35.84,36.77,37.72,38.71,39.71,40.74,41.8
Lithuania,17.3,17.83,18.38,18.95,19.54,20.14,20.76,21.41,22.07,22.75,23.46,24.18,24.93,25.7,26.49,27.31,28.16,29.03,29.93,30.85,31.5,29.71,23.39,19.6,17.68,17.92,18.84,20.4,21.92,21.68,22.51,23.97,25.6,28.29,30.15,32.48,34.88,38.75,39.77,33.88,34.38,36.45,37.85,39.19,40.57,41.39,42.45,44.25,45.87,47.67,47.71,50.52,51.48,51.08,52.35,53.71,55.42,57.08,58.62,59.97,61.17,62.21,63.26,64.34
Malta,1.05,1.08,1.14,1.19,1.31,1.56,1.83,2.05,2.28,2.52,2.69,2.78,2.85,2.83,2.86,2.93,3.04,3.17,3.44,3.72,3.95,4.2,4.4,4.59,4.85,5.16,5.35,5.64,5.92,6.2,6.62,6.66,6.86,7.04,7.07,7.34,7.47,7.77,8.03,7.83,8.11,8.22,8.45,8.86,9.64,10.68,11.31,12.04,12.92,13.48,12.32,13.78,14.72,15.23,15.81,16.51,17.13,17.67,18.18,18.69,19.19,19.69,20.2,20.73
Poland,126.71,136.11,142.47,148.43,158.99,168.43,181.78,194.66,205.17,213.07,200.28,180.31,171.72,181.27,191.5,198.46,206.85,210.9,219.61,219.97,194.57,180.92,185.47,192.4,202.58,216.67,229.79,244.63,255.92,267.8,280.01,283.51,289.3,299.6,314.99,325.99,346.14,370.49,386.23,397.12,411.45,432.09,439.04,445.15,459.92,477.58,492.21,516.52,544.15,566.71,555.15,592.9,625.14,629.94,649.56,674.93,699.27,721.65,742.58,764.11,784.74,804.36,824.47,845.08
Romania,43.84,49.54,54.8,60.5,67.96,74.97,83.3,90.32,96.89,103.03,107.42,107.54,111.78,118.54,125.62,125.49,128.42,129.5,128.85,121.4,115.36,100.46,91.65,93.05,96.71,102.74,106.76,101.58,99.52,99.14,101.58,106.88,112.98,115.63,127.68,133.64,144.37,154.82,169.23,159.89,153.65,156.74,159.99,165.61,171.26,177.89,186.43,199.69,208.55,217.06,210.15,222.54,232.46,238.01,244.92,253,260.63,268.19,275.7,283.15,290.51,297.48,304.62,311.93
Slovakia,,,,28.66,29.55,30.46,31.4,32.38,33.38,34.41,35.47,36.57,37.7,38.87,40.1,41.5,43.23,44.29,45.15,45.7,42.3,36.13,35.28,35.95,38.18,40.41,43.08,45.64,47.5,47.45,48,49.56,51.8,54.64,57.53,61.34,66.55,73.76,77.87,73.62,77.83,80.06,81.58,82.13,84.39,88.46,90.34,93.09,96.71,99.03,95.69,98.58,100.22,100.52,103.06,107.14,110.23,113.21,116.04,118.71,121.2,123.74,126.34,129
Slovenia,11.87,12.23,12.61,13,13.41,13.82,14.25,14.69,15.14,15.61,16.09,16.59,17.1,17.63,18.18,18.74,19.32,19.92,20.53,21.17,27.19,24.77,23.42,24.08,25.37,26.41,27.25,28.63,29.57,31.14,32.29,33.33,34.5,35.52,37.06,38.47,40.68,43.52,45.05,41.65,42.21,42.57,41.45,41.02,42.16,43.09,44.44,46.58,48.5,49.69,47.24,51.15,54.07,54.69,55.91,57.12,58.38,59.67,60.98,62.32,63.69,65.22,66.78,68.39
Other Europe,468.31,488.91,506.82,524.01,535.22,515.53,519.66,535.12,543.54,560.11,584.96,595.04,591.76,601.67,624.7,650.49,667.63,679.4,693.52,731.98,743.56,738.38,733.72,730.91,748.98,763.48,783.6,812.24,837.23,851.21,883.54,899.52,907.51,913.02,945.28,975.28,1009.79,1049.62,1068.76,1046.4,1067.63,1083.37,1099.38,1117.57,1141.34,1160.31,1179.81,1203.91,1232.41,1247.13,1217.73,1271.01,1304.21,1317.64,1336.53,1358.52,1381.53,1404.38,1427.48,1449.96,1472.26,1494.4,1516.93,1539.86
Other Western Europe,435.47,455.2,472.21,488.49,498.76,478.1,481.22,495.67,503.01,518.51,542.39,551.25,546.85,555.7,577.77,602.42,618.19,628.89,641.95,662.65,683.18,685.42,692.7,698.64,716.48,728.84,744.52,770.1,792.51,807.11,836.84,850.43,855.85,859.19,887.47,913.94,945.21,981,996.14,975.01,995.18,1009.54,1025.81,1042.16,1065.85,1083.02,1100.02,1122.37,1147.62,1159.39,1132.04,1178.96,1209.42,1221.29,1237.54,1255.96,1274.85,1293.65,1312.75,1331.19,1349.41,1367.42,1385.68,1404.18
Iceland,3.67,4.15,4.41,4.71,4.98,5.01,5.31,5.77,6.12,6.42,6.79,7.08,7.23,7.08,7.37,7.61,8.09,8.78,8.77,8.79,8.9,8.88,8.58,8.69,9,9.01,9.43,9.97,10.68,11.11,11.65,12.1,12.19,12.46,13.47,14.32,15.07,16.48,16.81,15.67,15.13,15.42,15.62,16.26,16.6,17.39,18.54,19.38,20.12,20.51,19.02,19.85,21.13,21.83,22.23,22.74,23.29,23.85,24.42,25.01,25.61,26.25,26.9,27.58
Norway,103.22,109.07,114.88,120.09,124.8,130.98,138.61,144.38,149.97,156.53,163.67,166.29,166.68,173.3,183.79,193.99,201.84,205.37,204.85,206.98,210.98,217.48,225.26,231.67,243.38,253.49,266.24,280.31,287.67,293.46,302.86,309.14,313.62,316.47,329.03,337.67,345.77,356.13,357.82,351.64,354.11,357.59,367.25,371.05,378.36,385.8,389.94,398.99,404.14,408.81,401.24,417.3,430.65,436.59,443.27,452.32,460.92,469.67,478.6,486.73,494.52,501.94,509.47,517.11
Switzerland,328.59,341.98,352.92,363.69,368.98,342.1,337.3,345.51,346.92,355.57,371.93,377.89,372.94,375.32,386.61,400.82,408.27,414.74,428.33,446.88,463.3,459.06,458.86,458.28,464.1,466.33,468.85,479.82,494.17,502.54,522.33,529.18,530.04,530.25,544.98,561.95,584.37,608.4,621.5,607.69,625.94,636.54,642.94,654.85,670.89,679.83,691.54,703.99,723.35,730.07,711.77,741.81,757.65,762.88,772.04,780.89,790.64,800.13,809.73,819.45,829.28,839.23,849.3,859.5
Other Central Europe,32.84,33.71,34.6,35.52,36.47,37.44,38.44,39.46,40.52,41.6,42.57,43.79,44.91,45.97,46.93,48.07,49.44,50.51,51.56,69.32,60.38,52.96,41.02,32.27,32.49,34.64,39.08,42.14,44.72,44.11,46.7,49.08,51.67,53.83,57.81,61.34,64.58,68.62,72.62,71.39,72.44,73.83,73.57,75.41,75.49,77.29,79.79,81.54,84.79,87.74,85.7,92.05,94.79,96.34,98.99,102.56,106.69,110.73,114.73,118.77,122.85,126.98,131.26,135.68
Albania,3.23,3.36,3.5,3.64,3.78,3.93,4.09,4.25,4.43,4.61,4.65,4.92,5.06,5.12,5.05,5.15,5.44,5.39,5.32,5.84,5.28,3.8,3.53,3.87,4.19,4.74,5.18,4.61,5.02,5.66,6.06,6.56,6.86,7.24,7.64,8.06,8.53,9.04,9.72,10.05,10.42,10.69,10.84,10.95,11.14,11.39,11.76,12.21,12.71,12.99,12.56,13.68,14.34,14.72,15.2,15.81,16.49,17.07,17.54,18,18.43,18.87,19.33,19.79
Bosnia and Herzegovina,1.44,1.48,1.53,1.57,1.62,1.67,1.73,1.78,1.83,1.89,1.95,2.01,2.07,2.14,2.2,2.27,2.34,2.41,2.49,2.56,3.53,3.2,3,2.93,2.44,2.94,5.56,7.48,8.64,9.47,9.99,10.43,10.99,11.42,12.12,13.18,13.9,14.71,15.51,15.04,15.16,15.3,15.19,15.55,15.73,16.21,16.72,17.08,17.71,18.17,17.57,18.82,19.57,19.92,20.45,21.11,21.83,22.57,23.34,24.13,24.96,25.78,26.63,27.51
"Macedonia, North",4.83,4.93,5.03,5.14,5.24,5.35,5.46,5.57,5.68,5.8,5.92,6.04,6.16,6.29,6.41,6.54,6.68,6.81,6.95,7.1,7.29,6.84,6.39,5.92,5.81,5.75,5.82,5.9,6.1,6.36,6.65,6.45,6.55,6.69,7,7.33,7.71,8.21,8.66,8.63,8.92,9.13,9.09,9.35,9.69,10.06,10.35,10.46,10.75,11.13,10.52,11.1,11.34,11.47,11.81,12.19,12.56,12.93,13.31,13.68,14.05,14.43,14.82,15.22
Serbia,23.34,23.93,24.55,25.18,25.82,26.48,27.16,27.86,28.57,29.31,30.06,30.83,31.62,32.43,33.26,34.12,34.99,35.89,36.81,53.83,44.27,39.11,28.1,19.55,20.06,21.2,22.53,24.15,24.96,22.61,23.99,25.64,27.28,28.48,31.05,32.76,34.44,36.65,38.73,37.67,37.94,38.72,38.45,39.57,38.94,39.63,40.95,41.79,43.63,45.45,45.04,48.44,49.53,50.24,51.53,53.45,55.81,58.15,60.54,62.96,65.41,67.9,70.48,73.16
Former Soviet Union,744.34,778.21,800.53,851.71,888.89,913.68,962.34,1006.84,1053.15,1088.18,1136.65,1190.11,1267.34,1321.48,1372.07,1395.52,1439.82,1483.43,1560.08,1596.23,1550.76,1460.27,1255.77,1138.5,983.57,932.35,899.97,912.79,877.89,926.51,1012.17,1072.55,1127.77,1213.05,1308.37,1398.44,1521.74,1657.03,1745.28,1635.91,1717.03,1799.36,1870.81,1918.22,1941.38,1913.86,1926.35,1971.93,2031.09,2075.5,2024.67,2135.06,2095.24,2109.24,2160.09,2214.99,2263.04,2312.93,2364.23,2417.53,2472.93,2528.84,2586.46,2645.84
Russia,525.63,553,568.6,612.47,641.85,658.71,699.32,735.4,772.94,798.86,838.03,882.45,949.9,994.14,1034.39,1048.89,1084.56,1107.33,1169.34,1197.41,1161.49,1102.87,942.61,860.9,752.69,721.5,694.41,704.13,666.81,709.48,780.43,820.23,858.79,921.48,987.82,1051.04,1137.23,1233.89,1298.06,1196.81,1250.66,1304.44,1356.93,1380.75,1390.92,1363.48,1366.12,1391.06,1426.35,1445.49,1407.13,1486.13,1455.37,1447.29,1468.42,1491.27,1508.83,1528.45,1549.85,1573.09,1598.26,1623.84,1649.82,1676.21
Ukraine,90.21,93,95.88,98.85,101.9,105.06,108.3,111.65,115.11,118.67,122.34,126.12,130.02,134.04,138.19,142.46,146.87,154.89,158.86,165.02,154.55,141.55,127.82,109.64,84.49,74.18,66.77,64.76,63.53,63.41,67.15,73.33,77.17,84.52,94.75,97.59,104.85,112.82,115.42,98.38,102.15,107.74,107.99,107.97,100.89,91.03,93.07,95.36,98.61,101.8,97.98,101.35,71.78,74.35,81.47,90.83,98.39,106.26,114.44,122.91,131.64,140.59,150.15,160.36
Other Former Soviet Union,128.5,132.2,136.05,140.39,145.14,149.92,154.71,159.78,165.11,170.64,176.29,181.54,187.42,193.3,199.5,204.16,208.4,221.21,231.88,233.81,234.73,215.85,185.34,167.96,146.4,136.66,138.8,143.9,147.55,153.62,164.59,178.99,191.81,207.06,225.79,249.8,279.66,310.32,331.81,340.72,364.22,387.18,405.88,429.5,449.57,459.35,467.16,485.51,506.14,528.22,519.56,547.58,568.09,587.6,610.2,632.89,655.82,678.22,699.94,721.53,743.02,764.42,786.49,809.27
Armenia,3.38,3.48,3.59,3.7,3.82,3.93,4.05,4.18,4.31,4.44,4.58,4.72,4.87,5.02,5.17,5.33,5.5,5.67,5.84,6.02,5.84,5.16,3,2.74,2.88,3.08,3.26,3.37,3.62,3.74,3.96,4.34,4.91,5.6,6.19,7.05,7.98,9.07,9.7,8.33,8.51,8.91,9.56,9.87,10.23,10.55,10.57,11.37,11.96,12.87,11.95,12.63,14.22,15.24,16.04,16.83,17.61,18.43,19.32,20.26,21.28,22.34,23.46,24.63
Azerbaijan,13.72,14.15,14.58,15.03,15.5,15.98,16.47,16.98,17.51,18.05,18.61,19.18,19.78,20.39,21.02,21.67,22.34,23.03,23.78,22.73,20.57,20.42,15.81,12.16,9.76,8.61,8.72,9.23,10.15,10.9,12.11,13.31,14.57,16.05,17.54,22.44,30.18,37.86,41.87,45.79,47.99,47.23,48.27,51.09,52.52,53.07,51.45,51.53,52.3,53.46,51.22,54.09,56.59,57.72,59.03,60.42,61.87,63.23,64.56,65.85,67.04,68.18,69.34,70.51
Belarus,16.02,16.51,17.02,17.55,18.09,18.65,19.23,19.82,20.44,21.07,21.72,22.39,23.08,23.8,24.53,25.29,26.07,26.88,27.71,28.57,29.45,29.1,26.31,24.31,21.46,19.23,19.77,22.02,23.87,24.68,26.12,27.35,28.73,30.75,34.27,37.5,41.25,44.79,49.36,49.46,53.32,56.19,57.13,57.71,58.7,56.45,55.03,56.42,58.2,58.91,58.51,59.84,57.12,55.74,56.39,57.3,58.2,59.19,60.26,61.4,62.63,63.95,65.29,66.66
Georgia,9.87,10.11,10.4,11.08,12.05,12.94,13.73,14.68,15.77,16.93,17.7,18.64,19.01,19.83,20.9,21.93,20.14,20.4,21.53,19.98,17.03,13.44,7.4,5.23,4.69,4.81,5.35,5.91,6.1,6.27,6.39,6.69,7.06,7.84,8.3,9.09,9.95,11.2,11.47,11.05,11.74,12.61,13.41,13.9,14.52,14.95,15.39,16.13,16.92,17.79,16.59,18.3,20.17,21.16,21.95,22.77,23.3,23.86,24.45,25.09,25.77,26.49,27.23,27.99
Kazakhstan,52.67,54.3,55.98,57.71,59.49,61.33,63.23,65.19,67.2,69.28,71.42,73.63,75.91,78.26,80.68,83.17,85.75,88.4,91.13,93.95,95.33,84.84,80.34,72.95,63.76,58.53,58.82,59.82,58.69,60.27,66.18,75.11,82.47,90.14,98.8,108.38,119.98,130.66,134.97,136.59,146.56,157.4,164.96,174.86,182.2,184.39,186.42,194.06,202.02,211.11,205.83,214.68,221.76,229.4,238.35,247.11,255.46,263.64,271.55,279.15,286.41,293.28,300.32,307.53
Kyrgyzstan,2.49,2.56,2.64,2.73,2.81,2.9,2.99,3.08,3.17,3.27,3.37,3.48,3.58,3.7,3.81,3.93,4.16,4.3,4.86,5,5.28,4.86,4.19,3.54,2.83,2.68,2.87,3.15,3.22,3.34,3.52,3.71,3.71,3.97,4.24,4.24,4.37,4.74,5.14,5.29,5.26,5.58,5.57,6.18,6.43,6.68,6.97,7.3,7.57,7.91,7.25,7.7,8.24,8.6,8.97,9.3,9.59,9.9,10.23,10.57,10.94,11.34,11.75,12.17
Moldova,6.11,6.29,6.49,6.69,6.9,7.11,7.33,7.56,7.79,8.03,8.65,8.58,9.59,10.01,10.35,9.8,10.57,10.7,10.88,11.43,11.24,9.28,6.58,6.51,4.49,4.44,4.17,4.24,3.97,3.83,3.91,4.15,4.48,4.77,5.12,5.51,5.77,5.95,6.41,6.02,6.45,6.83,6.79,7.4,7.77,7.75,8.09,8.47,8.83,9.14,8.46,9.64,9.05,9.19,9.55,9.89,10.27,10.65,11.03,11.41,11.8,12.19,12.59,13.01
Tajikistan,5.14,5.25,5.35,5.46,5.57,5.69,5.8,5.92,6.04,6.17,6.29,6.42,6.55,6.69,6.82,6.22,6.44,6.36,7.24,6.77,6.73,6.25,4.44,3.71,2.92,2.56,2.13,2.17,2.28,2.37,2.56,2.81,3.11,3.45,3.81,4.07,4.35,4.69,5.06,5.26,5.6,6.02,6.47,6.94,7.41,7.85,8.39,9.03,9.69,10.37,10.84,11.84,12.78,13.51,14.1,14.62,15.12,15.62,16.12,16.62,17.13,17.64,18.17,18.72
Turkmenistan,4.17,4.3,4.43,4.57,4.71,4.85,5,5.16,5.32,5.48,5.65,5.83,6.01,6.19,6.39,6.58,6.79,9.13,10.14,9.71,13.15,12.54,10.66,10.82,8.95,8.31,8.86,7.85,8.41,9.8,10.33,10.78,10.81,11.16,11.72,13.25,14.7,16.33,18.73,19.87,21.7,24.89,27.65,30.48,33.61,35.8,38.02,40.49,43,45.69,46.05,48.35,51.35,54.7,57.6,59.98,62.75,65.26,67.15,68.9,70.62,72.32,74.05,75.83
Uzbekistan,14.94,15.25,15.56,15.87,16.2,16.53,16.87,17.21,17.56,17.92,18.29,18.66,19.04,19.43,19.83,20.23,20.64,26.34,28.74,29.63,30.11,29.96,26.6,25.99,24.64,24.42,24.83,26.12,27.25,28.42,29.51,30.74,31.96,33.31,35.79,38.28,41.13,45.03,49.1,53.05,57.08,61.52,66.06,71.07,76.17,81.85,86.84,90.71,95.65,100.97,102.88,110.51,116.81,122.34,128.23,134.67,141.65,148.45,155.27,162.26,169.4,176.69,184.28,192.21
Asia and Oceania,2732.57,2864.34,3043.16,3263.93,3305.24,3433.39,3575.19,3768.96,3988.03,4209.59,4380.8,4590.67,4783.17,5002.32,5304.6,5598.46,5874.14,6232.48,6712.01,7055.2,7415.92,7755.29,8096.67,8443.42,8895.41,9417.83,9957.45,10369.2,10464.47,10901.29,11482.16,11866.17,12384.67,13026.45,13821.52,14659.62,15636.49,16817.76,17542.39,18081.92,19480.83,20545.64,21627.62,22781.32,23913.22,25074.39,26303.52,27704.07,29041.32,30257.99,29985.46,31946.06,32952.05,34322.98,35845.88,37366.66,38922.61,40500.2,42113.86,43785.88,45428.56,47044.85,48727.09,50478.19
Asia,2329.87,2445.46,2607.02,2812.66,2834.28,2958.54,3089.54,3271.45,3485.94,3688.08,3844.84,4036.07,4212.33,4439.34,4715.85,4982.15,5233.95,5577.47,6025.14,6345.31,6684.43,7026.54,7362.99,7676.89,8096.99,8588.4,9095.63,9476.36,9535.9,9925.49,10470.19,10833.23,11310.08,11917.66,12667.87,13468.95,14411.66,15546.55,16232.31,16749.49,18120.25,19151.63,20181.74,21297.59,22387.89,23511.58,24695.32,26055.71,27343.62,28526.56,28286.88,30158.24,31101.14,32445.22,33922.51,35386.61,36883.21,38402.17,39957.84,41574.51,43162.87,44725.73,46353.28,48048.37
Asia less Japan,899.69,948.08,983.66,1058.9,1102.01,1172.71,1232.73,1333.12,1445.42,1535.66,1631.76,1729.84,1829.71,1972.77,2138.25,2269.65,2431.21,2642.15,2890.66,3058.55,3236.85,3461.15,3767.36,4099.88,4484.46,4876.81,5268.99,5608.53,5711.72,6110.95,6549.62,6896.73,7368.93,7916.28,8578.28,9311.36,10195.03,11260.17,11992.8,12739.61,13942.28,14978.49,15946.21,16977.33,18051.45,19122.1,20282.93,21547.65,22820.99,23974.35,23931.89,25705.52,26602.8,27898.41,29319.3,30737.58,32191.35,33668.08,35181.15,36754.83,38299.82,39823.77,41412.1,43067.66
East Asia,1784.26,1880.45,2028.59,2199.03,2194.41,2283.25,2375.42,2505.38,2670.8,2834.85,2935.3,3073.18,3210.01,3383.01,3614.21,3855.51,4058.07,4342.87,4694.82,4926.65,5172.92,5449.91,5690.92,5904.46,6201.83,6553.02,6918.59,7209.14,7302.56,7572.18,7993.17,8276.1,8640.48,9078.94,9624.51,10223.32,10939.08,11827.11,12374.34,12727.79,13770.89,14573.78,15338.97,16187.55,16994.19,17817.68,18659.45,19658.93,20596.87,21493.12,21571.74,23038.45,23601.74,24615.14,25675.41,26703.46,27739.41,28784.73,29851.4,30961.62,32026.86,33054.64,34120.07,35224.61
East Asia less Japan,354.09,383.07,405.22,445.27,462.14,497.43,518.6,567.04,630.28,682.43,722.23,766.95,827.39,916.44,1036.61,1143.01,1255.33,1407.54,1560.34,1639.89,1725.35,1884.52,2095.29,2327.45,2589.3,2841.43,3091.94,3341.32,3478.38,3757.64,4072.6,4339.6,4699.33,5077.56,5534.91,6065.73,6722.45,7540.73,8134.83,8717.91,9592.92,10400.64,11103.43,11867.29,12657.74,13428.2,14247.06,15150.87,16074.24,16940.9,17216.75,18585.73,19103.4,20068.33,21072.21,22054.44,23047.55,24050.65,25074.71,26141.94,27163.81,28152.68,29178.9,30243.9
China,232.06,248.45,257.91,277.92,284.35,309.14,304.29,327.32,364.39,392.09,422.7,444.56,484.28,536.75,618.01,701.09,763.77,853.05,948.88,988.6,1027.23,1122.7,1282.3,1460.13,1650.71,1831.45,2013.28,2199.12,2371.48,2553.31,2770.13,3001.15,3275.18,3603.86,3968.25,4420.47,4982.73,5691.84,6241.35,6828.02,7554.26,8275.76,8926.2,9619.64,10333.86,11061.55,11819.13,12640.11,13493.52,14317.78,14634.47,15871.46,16347.72,17250.57,18164.6,19073.64,20000.33,20940.34,21903.6,22911.17,23873.43,24804.5,25771.87,26776.98
Hong Kong,26.85,28.81,31.87,35.78,36.65,36.83,42.78,47.79,51.74,57.72,63.56,69.44,71.49,75.77,83.32,83.95,93.23,105.73,114.73,117.34,121.83,128.78,136.81,145.29,154.06,157.72,164.44,172.82,162.65,166.73,179.51,180.52,183.51,189.12,205.57,220.76,236.28,251.56,256.91,250.59,267.55,280.43,285.2,294.05,302.17,309.38,316.1,328.08,337.47,333.46,311.63,331.73,320.09,336.86,347.81,357.57,365.15,372.45,379.53,386.36,392.93,398.82,404.8,410.87
Japan,1430.18,1497.38,1623.36,1753.76,1732.27,1785.83,1856.81,1938.33,2040.52,2152.43,2213.07,2306.23,2382.62,2466.56,2577.61,2712.5,2802.73,2935.32,3134.48,3286.76,3447.57,3565.39,3595.63,3577.01,3612.53,3711.59,3826.65,3867.82,3824.18,3814.54,3920.57,3936.5,3941.15,4001.38,4089.6,4157.59,4216.63,4286.38,4239.51,4009.88,4177.96,4173.14,4235.53,4320.26,4336.44,4389.48,4412.39,4508.06,4522.63,4552.22,4354.99,4452.72,4498.34,4546.81,4603.2,4649.02,4691.86,4734.08,4776.69,4819.68,4863.06,4901.96,4941.18,4980.71
Korea,63.74,70.46,75.55,86.8,95.06,102.51,116.07,130.38,144.66,157.21,154.62,165.83,179.65,203.68,225.18,242.83,270.33,304.73,341.26,365.4,401.49,444.76,472.33,504.81,551.6,604.64,652.35,692.6,657.07,732.42,798.78,837.54,902.25,930.64,979.01,1021.19,1074.95,1137.29,1171.56,1180.85,1261.2,1307.69,1339.1,1381.48,1425.72,1465.77,1508.97,1556.65,1598.13,1630.62,1619.05,1686.17,1729.75,1756.59,1802.81,1843.18,1882.5,1920.15,1956.63,1991.85,2027.71,2062.18,2097.23,2132.89
Taiwan,27.51,31.21,35.54,40.09,41.16,43.71,49.96,55.66,63.2,68.78,74.31,79.6,83.42,90.96,100.1,104.91,117,131.86,142.43,154.9,160.5,173.93,188.39,201.22,216.32,230.38,244.61,259.41,270.32,288.52,306.74,302.44,319.01,332.49,355.6,374.75,396.37,423.53,426.91,420.03,463.06,480.07,490.74,502.93,526.66,534.38,545.95,564.03,579.51,595.21,615.37,655.54,671.61,679.34,701.55,717.37,731.77,746.41,761.33,776.56,791.32,806.35,821.67,837.28
Other East Asia,3.92,4.14,4.36,4.67,4.93,5.23,5.52,5.89,6.28,6.62,7.04,7.52,8.54,9.29,10,10.22,10.99,12.18,13.04,13.66,14.3,14.35,15.46,15.99,16.61,17.25,17.27,17.37,16.86,16.66,17.44,17.95,19.39,21.45,26.47,28.57,32.12,36.52,38.1,38.43,46.85,56.69,62.19,69.2,69.33,57.11,56.92,62.01,65.61,63.84,36.23,40.83,34.23,44.97,55.44,62.68,67.81,71.3,73.62,76,78.42,80.83,83.31,85.88
Macau,2.6,2.76,2.93,3.11,3.3,3.5,3.72,3.94,4.19,4.44,4.72,5.01,5.82,6.41,6.95,7,7.47,8.53,9.2,9.66,10.43,10.81,12.25,12.89,13.44,13.88,13.82,13.78,13.15,12.84,13.58,13.97,15.22,17,21.55,23.28,26.38,30.19,31.22,31.63,39.62,48.21,52.66,58.56,57.86,45.36,45.04,49.49,52.18,49.72,22.76,27.14,19.88,29.88,39.44,45.73,49.88,52.47,53.89,55.34,56.84,58.31,59.83,61.38
Mongolia,1.32,1.38,1.43,1.56,1.63,1.73,1.8,1.94,2.09,2.18,2.32,2.51,2.72,2.88,3.05,3.23,3.53,3.65,3.84,4,3.87,3.53,3.21,3.1,3.17,3.37,3.45,3.58,3.7,3.82,3.86,3.97,4.16,4.45,4.93,5.28,5.74,6.32,6.89,6.8,7.23,8.48,9.53,10.64,11.48,11.75,11.89,12.52,13.43,14.11,13.47,13.69,14.35,15.09,15.99,16.95,17.93,18.83,19.73,20.66,21.59,22.52,23.49,24.5
Southeast Asia,227.81,242.92,258.49,279.54,295.86,308.81,335.66,363.64,387.71,416.27,443.01,467.04,485.54,505.58,523.72,526.3,547.88,579.97,625.37,677.71,728.41,773.55,822.68,881.2,947.58,1022.1,1097.27,1141.73,1059.55,1096.57,1162.17,1195.33,1255.16,1326.39,1413.1,1494.05,1585.03,1690.65,1764.27,1800.96,1941.56,2035.76,2158.49,2267.33,2371.7,2484.39,2604.65,2743.11,2882.85,3005.59,2894.25,2991.78,3157.18,3291.52,3445.19,3606.83,3773.47,3944.14,4118.98,4298.38,4481.67,4670.62,4867.99,5074.14
Cambodia,1.81,1.9,1.99,2.09,2.2,2.31,2.43,2.55,2.68,2.81,2.96,3.1,3.26,3.43,3.6,3.78,3.97,4.17,4.67,4.83,4.89,5.26,5.63,5.77,3.76,4.13,4.38,4.55,4.77,5.37,5.95,6.39,6.81,7.39,8.16,9.24,10.23,11.28,12.03,12.04,12.76,13.66,14.66,15.74,16.86,18.05,19.32,20.64,22.18,23.74,23.01,23.71,24.89,26.28,27.89,29.67,31.6,33.59,35.68,37.89,40.2,42.61,45.17,47.88
Indonesia,77.22,82.64,88.46,95.63,102.93,108.05,115.49,125.61,134.11,143.93,158.15,170.69,174.53,181.84,194.53,199.32,211.03,221.42,234.22,251.69,269.92,288.57,307.32,327.29,351.96,380.9,410.67,429.98,373.53,376.49,395.01,409.4,427.83,448.28,470.83,497.63,525.01,558.32,591.89,619.29,657.84,698.42,740.54,781.69,820.83,860.85,904.18,950.02,999.14,1049.34,1027.66,1065.72,1122.29,1174.92,1231.32,1293.32,1358.41,1426.33,1496.22,1568.04,1641.73,1718.9,1799.68,1884.27
Malaysia,18.88,20.78,22.73,25.39,27.5,27.72,30.93,33.33,35.54,38.87,41.76,44.66,47.31,50.27,54.17,53.62,54.28,57.1,62.77,68.46,74.63,81.75,89.01,97.82,106.83,117.33,129.07,138.52,128.33,136.2,148.27,149.04,157.07,166.17,177.44,186.9,197.34,209.77,219.9,216.57,232.65,244.97,258.38,270.51,286.75,301.35,314.76,332.84,348.62,363.72,343.04,354.04,385.04,397.98,415.54,434.38,453.03,472.06,491.41,511.07,531,552.24,574.33,597.3
Myanmar,4.32,4.49,4.6,4.56,4.8,5,5.31,5.62,5.99,6.3,6.8,7.23,7.64,7.97,8.37,8.61,8.51,8.17,7.25,7.51,7.73,7.67,8.42,8.92,9.59,10.26,10.92,11.54,12.21,13.55,15.41,17.16,19.22,21.89,24.86,28.23,31.92,35.75,39.41,43.57,47.77,50.44,54.14,58.7,63.39,67.82,71.72,76.32,81.47,83.82,86.48,70.93,72.77,74.96,76.83,78.83,80.84,82.86,84.93,86.97,89.06,91.11,93.2,95.35
Philippines,51.27,54.05,57,62.08,64.29,67.87,73.85,77.98,82.02,86.64,91.1,94.22,97.63,99.46,92.18,85.44,88.36,92.17,98.4,104.5,107.68,107.05,107.42,109.69,114.5,119.86,126.87,133.44,132.67,136.76,142.8,147.15,152.62,160.38,170.92,179.37,188.9,201.22,209.96,213,228.62,237.44,253.82,270.95,288.15,306.45,328.36,351.11,373.38,395.93,358.94,378.85,407.92,431.85,457.66,483.74,509.5,534.46,559.58,585.33,611.08,637.97,666.04,695.34
Thailand,34.86,36.56,38.13,42.03,43.91,46.09,50.39,55.35,61.05,64.33,67.66,71.65,75.49,79.7,84.29,88.21,93.09,101.95,115.5,129.58,144.05,156.37,169.01,182.96,197.59,213.64,225.71,219.5,202.74,212.01,221.45,229.08,243.17,260.65,277.04,288.65,302.98,319.45,324.97,322.72,346.97,349.88,375.22,385.31,389.1,401.3,415.06,431.93,449.86,460.53,432.16,439.05,450.44,465.95,483.22,500.75,518.44,536.07,553.76,571.48,589.19,606.87,625.07,643.83
Vietnam,20.42,21.19,21.61,21.3,21.83,22.48,24.95,28.34,28.84,30.78,29.67,29.05,28.7,28.38,28.1,29.17,29.98,31.06,32.65,35.06,36.84,39.04,42.41,45.84,49.89,54.65,59.75,64.63,68.35,71.61,76.47,81.21,86.34,92.3,99.26,106.75,114.2,122.34,129.26,136.24,144.99,154.04,162.12,170.92,181.14,193.24,205.24,219.22,234.74,251.21,258.41,265.03,286.28,304.35,324.94,346.3,369.08,393.07,418.23,444.57,472.14,499.99,529.49,560.73
Other Southeast Asia,19.04,21.29,23.97,26.45,28.4,29.28,32.32,34.86,37.48,42.61,44.91,46.43,50.98,54.52,58.49,58.16,58.65,63.93,69.91,76.08,82.69,87.83,93.46,102.91,113.45,121.33,129.89,139.57,136.94,144.57,156.8,155.89,162.1,169.34,184.6,197.29,214.46,232.54,236.85,237.52,269.96,286.9,299.6,313.52,325.46,335.32,346.01,361.02,373.47,377.29,364.55,394.46,407.54,415.23,427.79,439.84,452.57,465.7,479.18,493.04,507.26,520.94,535,549.44
Brunei,4.53,4.98,5.49,6.02,6.71,6.73,8.09,8.97,9.58,11.74,10.92,8.76,9.1,9.15,9.2,9.06,8.82,9,9.09,9,9.09,9.38,9.83,9.86,10.17,10.62,10.93,10.77,10.71,11.03,11.35,11.66,12.11,12.46,12.53,12.57,13.13,13.15,12.89,12.67,12.99,13.48,13.6,13.32,12.98,12.93,12.61,12.78,12.78,13.28,13.43,13.22,12.69,13.09,13.49,13.89,14.29,14.67,15.05,15.43,15.8,16.16,16.54,16.92
Laos,,,,,,,,,,0.3,0.33,0.38,1.93,2,2.1,2.21,2.32,2.29,2.24,2.56,2.73,2.85,3,3.18,3.44,3.68,3.94,4.21,4.38,4.7,4.97,5.26,5.57,5.9,6.28,6.73,7.31,7.86,8.48,9.11,9.89,10.68,11.54,12.47,13.42,14.39,15.4,16.46,17.49,18.3,18.9,19.56,20.05,20.67,21.44,22.36,23.46,24.58,25.74,26.95,28.19,29.45,30.78,32.16
Singapore,14.51,16.31,18.48,20.44,21.69,22.55,24.23,25.89,27.9,30.57,33.66,37.3,39.95,43.37,47.18,46.89,47.52,52.65,58.58,64.53,70.86,75.6,80.62,89.87,99.84,107.03,115.02,124.59,121.86,128.83,140.48,138.98,144.42,150.97,165.79,177.99,194.02,211.53,215.48,215.74,247.08,262.74,274.46,287.74,299.07,308,317.99,331.78,343.19,345.71,332.22,361.68,374.81,381.46,392.86,403.59,414.83,426.45,438.39,450.66,463.28,475.32,487.68,500.36
South Asia,281.75,283.5,278.38,289.08,296.17,316.73,324.86,345.2,366.31,363.02,387.65,412.88,427.87,456.41,476.4,499.72,524.22,544.96,588.77,618.68,651.86,665.15,703.35,733.41,776.61,830.73,886.71,919.87,969.77,1043.1,1085.55,1133.26,1175.3,1260.47,1355.23,1457.71,1568.56,1682.09,1736.69,1857.59,1996.37,2098.07,2213.16,2346.43,2508.23,2693.15,2900.01,3096.93,3286.22,3443.58,3282.62,3555.23,3769.79,3943.29,4174.81,4423.48,4693.11,4972.71,5264.16,5567.76,5883.53,6205.9,6546.11,6905.16
Bangladesh,32.89,31.09,26.75,27.64,30.29,29.05,30.69,31.51,33.74,35.36,35.65,38.23,39.05,40.56,42.51,43.93,45.77,47.49,48.64,50.02,52.83,54.68,57.65,60.37,62.72,65.93,68.91,72,75.73,79.27,83.46,87.7,91.06,95.38,100.38,106.94,114.07,122.12,129.47,136,143.58,152.86,162.83,172.62,183.08,195.08,208.96,224.18,241.8,261.52,270.54,289.31,308.11,322.45,340.5,361.74,382.8,404.62,427.28,450.78,475.12,500.3,526.82,554.74
India,201.53,204.84,203.71,210.42,212.91,232.4,236.26,253.4,267.88,253.84,270.94,287.22,297.2,318.86,331.04,348.44,365.08,379.56,416.1,440.85,465.24,470.16,495.94,519.5,554.09,596.06,641.06,667.02,708.27,770.92,800.53,839.15,871.07,939.54,1013.98,1094.32,1182.53,1273.13,1312.42,1415.61,1535.9,1616.4,1704.6,1813.45,1947.83,2103.59,2277.27,2437.67,2586.85,2716.81,2556.58,2789.8,2977.2,3133.08,3323.69,3524.19,3747.88,3980.25,4223.04,4476.42,4740.53,5010.74,5296.36,5598.25
Pakistan,34.25,34.41,34.69,37.14,38.45,40.07,42.14,43.8,47.32,49.1,54.12,58.41,62.22,66.44,69.81,75.11,79.24,84.35,90.78,95.29,99.54,104.57,112.63,114.61,118.89,124.79,130.84,132.17,135.54,140.5,146.49,151.69,155.5,164.48,176.9,188.43,199.54,209.19,212.75,218.77,222.28,228.39,236.4,246.8,258.33,270.56,285.51,301.37,318.96,322.11,318.01,338.64,353.84,352.68,366.76,387.25,405.59,424.25,443.34,462.85,482.75,502.06,522.14,543.03
Other South Asia,13.08,13.16,13.24,13.89,14.51,15.22,15.77,16.48,17.36,24.71,26.94,29.02,29.39,30.54,33.04,32.24,34.13,33.56,33.24,32.53,34.25,35.75,37.13,38.93,40.91,43.95,45.9,48.68,50.22,52.41,55.07,54.71,57.66,61.07,63.97,68.02,72.41,77.65,82.05,87.21,94.61,100.42,109.33,113.56,118.98,123.93,128.28,133.71,138.61,143.15,137.49,137.5,130.65,135.08,143.86,150.3,156.84,163.59,170.5,177.71,185.13,192.8,200.8,209.14
Afghanistan,,,,,,,,,,6.42,7.8,8.67,8.21,8.73,9.88,7.87,8.67,7.59,6.3,4.82,4.87,4.91,4.96,4.81,4.66,5.88,6.24,6.61,6.35,6.61,6.49,6.07,7.52,8.19,8.3,9.23,9.73,11.07,11.51,13.97,15.97,16.04,18.09,19.1,19.62,19.91,20.36,20.9,21.28,21.9,21.39,17.11,15.79,15.43,15.81,16.21,16.63,17.06,17.51,17.96,18.43,18.89,19.36,19.84
Bhutan,,,,,,,,,,,0.16,0.18,0.19,0.21,0.22,0.22,0.25,0.32,0.34,0.36,0.4,0.4,0.42,0.43,0.45,0.48,0.51,0.54,0.57,0.61,0.66,0.71,0.79,0.85,0.9,0.97,1.03,1.22,1.28,1.37,1.53,1.65,1.74,1.78,1.88,2,2.17,2.27,2.34,2.46,2.21,2.3,2.4,2.56,2.72,2.89,3.06,3.23,3.42,3.61,3.81,4.02,4.24,4.48
Nepal,3.72,3.67,3.79,3.77,4.01,4.07,4.25,4.37,4.57,4.68,4.57,4.95,5.14,4.98,5.46,5.8,6.07,6.17,6.64,6.93,7.25,7.71,8.03,8.34,9.02,9.34,9.83,10.33,10.64,11.11,11.8,12.37,12.38,12.87,13.47,13.94,14.41,14.9,15.81,16.53,17.33,17.92,18.78,19.55,20.72,21.41,21.54,23.31,24.87,26.61,25.98,27.08,28.57,29.74,31.19,32.9,34.75,36.69,38.71,40.84,43.08,45.41,47.86,50.45
Sri Lanka,9.37,9.49,9.45,10.12,10.51,11.15,11.52,12.11,12.79,13.61,14.41,15.23,15.86,16.62,17.47,18.35,19.14,19.47,19.96,20.42,21.72,22.72,23.72,25.36,26.78,28.25,29.32,31.2,32.67,34.07,36.12,35.56,36.97,39.16,41.3,43.88,47.24,50.45,53.45,55.34,59.78,64.8,70.73,73.13,76.76,80.6,84.22,87.23,90.12,92.18,87.91,91,83.88,87.35,94.14,98.3,102.41,106.61,110.87,115.31,119.8,124.48,129.33,134.37
Oceania,402.7,418.88,436.14,451.27,470.96,474.86,485.64,497.51,502.09,521.5,535.97,554.6,570.83,562.98,588.75,616.31,640.19,655.01,686.87,709.89,731.49,728.75,733.68,766.53,798.42,829.43,861.82,892.84,928.57,975.8,1011.97,1032.93,1074.59,1108.79,1153.65,1190.67,1224.83,1271.21,1310.07,1332.43,1360.58,1394.02,1445.88,1483.73,1525.33,1562.82,1608.2,1648.36,1697.7,1731.43,1698.58,1787.82,1850.92,1877.76,1923.38,1980.06,2039.4,2098.03,2156.01,2211.37,2265.69,2319.12,2373.82,2429.82
Australia,336.63,350.11,363.81,373.31,388.63,393.88,404.07,418.61,422.36,439.44,452.77,467.89,483.46,472.73,494.38,520.33,541.34,555.16,587.03,609.72,631.49,628.98,631.58,657.03,683.19,709.4,736.92,766.15,801.21,841.86,874.97,891.87,927.55,955.25,993.99,1025.84,1054.51,1095.05,1135.1,1157.09,1181.01,1210.1,1257.51,1290.01,1322.69,1351.69,1389.14,1422.03,1463.85,1491.61,1464.56,1540.66,1597.06,1620.12,1657.85,1706.9,1758.56,1809.56,1860.22,1908.59,1956.3,2003.26,2051.33,2100.57
New Zealand,58.97,61.2,64.33,69.35,73.51,72.23,72.9,70.03,70.26,71.8,72.72,76.1,76.81,79.49,83.3,84.65,86.94,87.78,87.47,87.61,87.75,86.79,87.74,93.35,98.13,102.76,106.48,108.66,109.53,115.5,118.85,122.97,128.72,134.58,140,144.64,148.76,153.33,151.75,151.53,153.89,157.52,161.04,165.28,171.27,177.47,183.99,189.81,196.96,201.23,199.05,210.97,215.57,217.66,223.58,229.61,235.82,241.95,247.76,253.21,258.28,263.18,268.18,273.28
Other Oceania,7.1,7.57,8,8.61,8.82,8.74,8.66,8.87,9.47,10.26,10.48,10.61,10.56,10.76,11.06,11.33,11.91,12.06,12.36,12.56,12.25,12.98,14.36,16.15,17.1,17.27,18.42,18.04,17.83,18.44,18.14,18.1,18.32,18.96,19.66,20.18,21.56,22.83,23.22,23.81,25.68,26.4,27.32,28.44,31.37,33.65,35.06,36.52,36.89,38.58,34.97,36.19,38.28,39.98,41.95,43.54,45.02,46.53,48.03,49.57,51.11,52.68,54.3,55.98
Fiji,1.42,1.52,1.63,1.82,1.87,1.88,1.93,2.04,2.08,2.34,2.3,2.45,2.3,2.21,2.39,2.28,2.46,2.3,2.32,2.49,2.64,2.57,2.72,2.78,2.92,2.99,3.14,3.07,3.11,3.38,3.33,3.39,3.5,3.54,3.72,3.75,3.82,3.79,3.83,3.77,3.88,3.99,4.05,4.24,4.47,4.68,4.8,5.06,5.24,5.29,4.38,4.16,4.76,5.14,5.46,5.74,5.97,6.19,6.41,6.62,6.83,7.04,7.25,7.47
Maldives,,,,,,,,,,,0.47,0.5,0.54,0.56,0.66,0.75,0.82,0.89,0.97,1.06,0.81,0.86,0.92,0.97,1.04,1.41,1.52,1.65,1.77,1.88,1.95,1.87,2.01,2.29,2.42,2.11,2.66,2.86,3.13,2.91,3.12,3.38,3.47,3.72,3.99,4.11,4.37,4.67,4.99,5.25,3.5,4.96,5.57,5.96,6.38,6.79,7.17,7.57,7.97,8.4,8.83,9.28,9.76,10.25
Papua New Guinea,4.95,5.26,5.56,5.92,6.07,6.02,5.82,5.86,6.37,6.48,6.33,6.32,6.34,6.54,6.52,6.78,7.1,7.29,7.51,7.4,7.18,7.86,8.95,10.58,11.21,10.84,11.68,11.22,10.8,11,10.72,10.71,10.69,10.93,11.22,11.93,12.58,13.56,13.52,14.44,15.91,16.08,16.83,17.48,19.84,21.72,22.61,23.41,23.23,24.54,23.76,23.78,24.71,25.5,26.62,27.42,28.18,28.97,29.76,30.56,31.35,32.17,33.01,33.86
Samoa,0.34,0.38,0.39,0.42,0.37,0.36,0.39,0.39,0.41,0.47,0.44,0.4,0.41,0.41,0.42,0.43,0.46,0.46,0.45,0.47,0.45,0.44,0.44,0.46,0.44,0.47,0.51,0.51,0.52,0.53,0.57,0.61,0.64,0.67,0.7,0.72,0.74,0.79,0.79,0.76,0.76,0.79,0.76,0.76,0.76,0.79,0.85,0.86,0.84,0.87,0.78,0.77,0.77,0.83,0.86,0.88,0.91,0.93,0.95,0.97,0.99,1.01,1.03,1.05
Solomon Islands,0.22,0.23,0.24,0.26,0.31,0.29,0.33,0.36,0.4,0.49,0.47,0.46,0.46,0.47,0.48,0.46,0.46,0.5,0.5,0.53,0.54,0.57,0.64,0.67,0.73,0.79,0.8,0.79,0.8,0.8,0.69,0.63,0.61,0.65,0.68,0.72,0.77,0.83,0.89,0.85,0.9,1.02,1.07,1.1,1.13,1.15,1.19,1.24,1.28,1.32,1.27,1.27,1.21,1.25,1.28,1.32,1.36,1.4,1.44,1.47,1.51,1.55,1.59,1.63
Tonga,0.17,0.18,0.18,0.19,0.19,0.2,0.2,0.21,0.21,0.22,0.22,0.23,0.24,0.24,0.25,0.26,0.27,0.28,0.27,0.27,0.27,0.29,0.29,0.3,0.31,0.32,0.32,0.32,0.33,0.34,0.36,0.37,0.38,0.39,0.39,0.39,0.39,0.37,0.39,0.4,0.41,0.42,0.42,0.41,0.42,0.44,0.45,0.46,0.46,0.44,0.44,0.43,0.42,0.44,0.45,0.46,0.47,0.48,0.49,0.5,0.51,0.51,0.52,0.53
Vanuatu,,,,,,,,,,0.27,0.24,0.25,0.28,0.32,0.35,0.35,0.35,0.34,0.33,0.34,0.38,0.39,0.4,0.4,0.44,0.44,0.46,0.48,0.5,0.5,0.53,0.51,0.48,0.51,0.53,0.55,0.6,0.63,0.67,0.69,0.71,0.71,0.73,0.74,0.76,0.76,0.79,0.82,0.84,0.87,0.82,0.83,0.84,0.86,0.9,0.93,0.96,0.99,1.02,1.05,1.08,1.11,1.14,1.18
Other Asia Oceania,43.15,46.17,49.57,53.62,56.66,58.48,62.27,66.1,70.59,84.2,89.36,93.59,99.48,105.1,112.58,111.95,115.7,121.73,128.55,134.83,143.49,150.9,160.4,173.98,188.07,199.81,211.48,223.65,221.85,232.07,247.45,246.64,257.46,270.82,294.71,314.06,340.54,369.53,380.23,386.97,437.11,470.42,498.45,524.72,545.15,550.02,566.27,593.26,614.58,622.86,573.23,608.97,610.7,635.26,669.04,696.37,722.24,747.12,771.33,796.32,821.92,847.25,873.41,900.44
Middle East,568.31,639.16,727.3,800.34,870.7,856.45,969.97,1005.9,966.62,1022.96,1004.93,1017.21,978.86,959.27,958.98,955.97,979.27,1007.29,1027.87,1051.14,1201.16,1230.69,1314.28,1371.4,1385.61,1445.3,1519.85,1594.82,1658.52,1659.4,1762.87,1749.18,1789.97,1881.54,2053.52,2174.68,2315.27,2431.89,2521.57,2494.94,2645.38,2836.48,2920.49,3044.54,3158.04,3252.2,3400.59,3490.69,3493.96,3494.9,3402.55,3616.38,3832.39,3926.54,4041.49,4164.5,4270.96,4383.39,4500.57,4618.26,4736.08,4865.46,4998.57,5135.53
Iran,161.52,184.81,211.45,229.56,244.47,238.56,279.67,268.3,230.6,206.36,149.55,141.81,180.4,195.85,178.64,182.49,163.86,164.92,156.02,165.42,188.3,211.62,217.62,219.88,216.56,221.5,232.96,234.08,239.18,241.23,255.36,257.35,276.04,300.16,313.29,323.28,339.44,367.13,368.05,371.76,393.31,403.72,373.66,372.94,390.1,384.95,436.52,452.91,392.43,366.19,372.45,389.16,398.01,409.06,423.47,439.08,458.01,476.79,493.48,507.79,520.99,534.54,548.43,562.69
Iraq,13.69,14.43,14.97,15.63,18.15,20.42,23.92,24.38,28.53,34.49,43.03,42.71,44.18,38.4,37.83,38.38,40.17,43.9,43.9,42.53,67.12,24.13,31.99,41.69,43.29,44.21,49.08,59.51,80.25,94.36,95.69,97.89,91.14,60.97,93.99,98.13,108.09,109.58,118.6,122.61,130.46,140.3,159.85,172,173.21,177.5,204.5,199.4,198.28,207,183.56,188.67,203.74,208.83,213.29,220.99,225.64,230.6,235.91,241.57,247.61,253.55,259.64,265.87
Saudi Arabia,124.53,150.07,184.48,229.07,266.25,242.47,285.69,305.95,289.98,324.54,342.89,349.55,277.09,232.61,221.77,200.05,234.08,218.56,247.21,245.96,283.33,325.86,338.85,334.23,336.1,336.81,345.69,349.51,359.62,346.09,365.56,361.13,350.95,390.4,421.47,444.97,457.37,465.82,494.94,484.74,509.17,560.07,590.38,606.32,628.46,654.27,665.2,660.27,676.34,678.58,649.12,674.58,733.56,755.72,774.43,801.35,809.99,822.95,841.88,862.92,884.5,917.22,951.16,986.35
Turkey,116.35,122.83,131.95,136.26,143.88,154.2,170.33,176.13,178.78,177.67,173.32,181.74,188.21,197.57,210.83,219.77,235.18,257.49,263.46,264.23,288.71,290.79,305.44,328.8,313.46,338.15,363.11,390.62,399.64,386.09,411.73,387.18,412.08,435.19,477.16,520.15,557.13,585.16,590.1,562.34,610.07,677.87,710.34,770.66,810.47,859.8,887.17,953.45,980.4,989.01,1005.49,1122.15,1182.95,1205.91,1241.6,1271.36,1302.39,1334.95,1368.32,1402.53,1437.59,1474.97,1513.32,1552.67
Other Middle East,152.21,167.02,184.44,189.82,197.95,200.8,210.36,231.13,238.72,279.91,296.14,301.4,288.98,294.84,309.91,315.29,305.98,322.42,317.28,333,373.7,378.29,420.38,446.79,476.2,504.63,529.01,561.1,579.83,591.64,634.54,645.64,659.77,694.82,747.61,788.16,853.23,904.2,949.89,953.49,1002.38,1054.52,1086.25,1122.63,1155.79,1175.69,1207.19,1224.66,1246.51,1254.12,1191.93,1241.82,1314.12,1347.03,1388.71,1431.72,1474.93,1518.11,1560.99,1603.45,1645.4,1685.18,1726.02,1767.95
Bahrain,,,,,,4.54,5.75,6.7,7.3,7.21,7.71,7.3,6.75,7.18,7.54,7.18,7.26,8.02,8.58,8.61,8.99,10,10.67,12.05,12.02,12.49,13,13.41,14.05,14.65,15.43,15.81,16.34,17.37,18.58,19.84,21.13,22.88,24.31,24.92,26,26.52,27.51,29,30.26,31.13,32.21,33.43,34.09,34.71,33.1,33.98,35.63,36.56,37.53,38.47,39.37,40.28,41.17,42.03,42.91,43.77,44.65,45.54
Israel,44.93,49.85,55.9,59.03,62.85,64.89,65.1,65.77,69.43,73.74,74.97,78.97,80.62,83.32,84.1,87.5,91.16,97.67,100.51,101.09,108.49,116.87,125.94,131.12,140.86,150.16,157.72,163.92,170.34,175.64,188.74,188.96,188.93,190.77,198.75,206.53,218.02,230.61,237.52,239.71,253.14,265.25,271.23,282.48,293.1,299.81,311.75,322.78,333.93,345.66,339.19,368.76,392.19,401.83,412.97,424.83,437.48,450.6,464.12,478.05,492.39,506.67,521.36,536.48
Jordan,4.37,4.41,4.67,4.36,4.36,4.32,5.37,5.72,6.92,7.55,8.99,9.41,10.11,10.31,11.2,11.59,12.4,12.76,12.52,10.84,10.94,11.14,13.22,13.84,14.53,15.42,15.75,16.27,16.75,17.32,18.06,19.01,20.11,20.95,22.74,24.6,26.59,28.76,30.84,32.53,33.28,34.14,35.05,36.04,37.15,38.04,38.81,39.63,40.4,41.2,40.56,41.46,42.5,43.52,44.61,45.67,46.75,47.82,48.92,50.05,51.2,52.32,53.47,54.65
Kuwait,46.26,49.81,52,49.5,44.77,41.19,44.94,44.89,48.19,54.9,43.58,35.29,30.94,34.17,35.96,34.42,37.37,40.42,36.35,45.77,35.61,21.01,36.59,49.03,53.16,55.74,56.08,57.47,59.57,58.51,61.25,61.39,63.24,74.19,81.79,90.47,97.26,103.09,105.65,98.17,95.85,105.07,112.04,113.32,113.89,114.57,117.92,112.36,113.76,114.23,104.12,107.63,113.86,114.21,119.53,124.37,127.6,130.41,132.76,134.62,135.96,136.78,137.6,138.42
Lebanon,15.95,17.42,19.54,20.46,20.95,14.6,6.28,11.51,11.16,12.21,12.63,12.7,8.03,9.85,14.23,17.69,16.49,19.25,13.64,7.85,9.93,14.84,17.28,19.14,20.69,22.02,24.51,24.77,25.68,25.54,25.88,26.88,27.8,28.7,30.61,31.43,31.92,34.89,38.06,41.95,45.3,45.69,46.85,48.64,49.83,49.94,50.7,51.13,50.15,47.32,35.1,30.89,29.96,30.11,31.02,32.57,34.2,35.7,37.06,38.24,39.24,40.02,40.82,41.64
Oman,6.43,6.48,7.12,6.11,6.81,8.47,10.21,10.32,9.93,10.36,10.99,12.86,14.35,16.74,19.54,22.28,22.73,21.94,23.25,25.99,25.95,27.53,29.85,31.65,32.88,34.52,35.57,37.72,38.71,38.66,40.75,42.58,42.11,40.99,41.52,42.55,44.84,46.83,50.67,53.77,56.35,55.73,60.93,63.59,65.34,68.4,71.79,72.04,73.31,73.68,71.19,73.39,76.55,77.32,78.66,78.92,79.74,80.54,81.34,82.16,82.98,83.64,84.31,84.99
Qatar,,,,,,,,,,,,,,,,,,,,,18.51,18.21,20.27,20,20.28,20.77,21.68,28.19,31.35,32.69,34.88,36.24,38.85,40.29,48.03,51.63,65.15,76.86,90.44,101.25,121.09,137.29,143.72,150.06,156.03,161.74,165.19,167.8,170.3,169.99,163.8,166.41,174.44,179.18,185.11,192.3,202.06,211.15,219.39,226.63,232.75,237.87,243.1,248.45
Syria,4.41,4.85,6.06,5.54,6.88,8.22,9.12,9.01,9.79,10.15,11.36,12.44,12.71,12.89,12.36,13.12,12.47,12.71,14.4,13.11,13.62,14.7,16.68,17.54,18.88,19.97,21.43,21.97,23.64,22.78,22.96,24.14,25.59,25.9,27.72,29.45,30.94,32.71,34.17,36.2,38.07,39.22,28.82,21.31,18.08,16.95,16.22,15.82,16.17,19.13,18.39,18.95,19.51,19.94,20.33,21.05,21.88,22.71,23.55,24.4,25.25,26.09,26.95,27.84
United Arab Emirates,29.87,34.2,39.16,44.83,51.34,54.57,63.59,77.22,75.99,91.9,113.84,119.14,111.13,105.86,110.11,106.15,90.28,93.33,90.88,102.1,120.81,121.85,125.92,127.51,136.31,145.42,153.85,166.46,166.94,171.79,190.43,193.09,197.79,215.2,235.79,247.24,271.56,280.2,289.15,273.99,278.38,297.67,311.02,326.74,340.74,358.14,369.1,377.86,382.35,388.77,369.5,383.97,413.11,427.9,442.18,456.04,467.43,479.59,492.54,506.33,521.01,535.6,550.6,566.01
Yemen,,,,,,,,,,11.9,12.08,13.28,14.35,14.52,14.87,15.36,15.82,16.32,17.14,17.65,20.84,22.15,23.97,24.92,26.6,28.11,29.41,30.95,32.81,34.05,36.15,37.53,39,40.47,42.07,44.43,45.83,47.36,49.09,50.99,54.92,47.93,49.08,51.45,51.35,36.98,33.51,31.81,32.05,19.42,16.97,16.39,16.36,16.46,16.76,17.51,18.41,19.3,20.15,20.95,21.71,22.42,23.16,23.93
Africa,470.43,498.62,520.3,542.88,580.1,584.31,618.57,639.82,646.22,737.35,767.35,756.98,763.98,756.23,778.19,800.13,813.45,829.02,865.45,892.44,998.68,1023.54,1024.95,1014.24,1032.25,1044.87,1098.5,1131.69,1166.74,1116.89,1160.51,1206.6,1271.4,1330.42,1408.55,1492.24,1581.68,1682.03,1773.04,1834.01,1931.23,1976.01,2082.91,2169.43,2254.26,2326.92,2370.86,2446.45,2522.71,2593.83,2538.78,2649.7,2749.29,2838.95,2945.9,3066.12,3186.15,3308.45,3433.53,3561.75,3693.42,3827.13,3966.12,4110.64
North Africa,88.12,87.02,97.91,101.16,106.26,113.7,125.66,134.01,144.27,206.25,214.49,210.43,223.95,230.27,240.88,251.33,254.17,253.12,263.84,275.91,368.74,391.07,394.43,391.25,402.86,393.63,413.35,421.76,438.6,373.04,390.84,404.28,416.09,438.94,458.33,482.45,508.89,537.32,565.31,583.8,609.99,588.69,630.08,639.83,648.82,670.87,691.44,720.57,751.78,778.36,760.57,797.67,833.18,864.38,897.86,933.87,973,1011.72,1050.36,1088.81,1126.97,1163.81,1201.91,1241.31
Egypt,33.54,34.9,35.97,37.23,37.81,41.19,46.66,50.86,55.25,57.76,63.55,68.22,74.98,78.79,86.47,91.48,95.82,99.49,104.93,110.09,116.33,117.64,122.9,126.47,131.49,137.6,144.46,152.4,160.89,170.63,181.5,187.92,192.41,198.55,206.68,215.92,230.7,247.05,264.73,277.1,291.36,296.51,303.11,309.73,318.76,332.7,347.16,361.67,380.89,402.06,416.47,430.12,458.62,476.8,496.72,520.6,548.47,575.9,602.97,629.5,655.31,679.55,704.7,730.77
Morocco,14.63,15.45,15.82,16.39,17.3,18.61,20.62,21.87,22.36,23.43,24.29,23.86,26,26.36,28.05,29.74,32.49,32.39,36.23,37.27,38.54,41.32,40.45,40.15,44.4,42,47.2,46.46,49.83,50.37,51.33,55.09,56.81,60.19,63.08,65.16,70.09,72.57,76.86,80.13,83.18,87.55,90.18,94.27,96.79,101.18,102.25,106.58,109.77,112.29,105.23,112.99,114.06,117.25,121,124.59,128.69,132.94,137.32,141.86,146.54,151.23,156.06,161.06
Other North Africa,39.95,36.67,46.12,47.54,51.15,53.9,58.37,61.27,66.66,125.06,126.66,118.35,122.98,125.12,126.35,130.11,125.85,121.24,122.68,128.55,213.88,232.12,231.07,224.63,226.96,214.03,221.68,222.9,227.88,152.05,158.01,161.28,166.87,180.2,188.57,201.38,208.1,217.7,223.72,226.57,235.44,204.64,236.8,235.83,233.27,237,242.03,252.31,261.12,264,238.87,254.57,260.5,270.34,280.14,288.69,295.84,302.88,310.08,317.46,325.13,333.04,341.15,349.48
Algeria,34.26,30.38,38.71,40.19,43.2,45.38,49.18,51.77,56.54,60.77,61.25,63.09,67.12,70.75,74.71,77.47,77.78,77.24,76.47,79.83,80.47,79.51,80.94,79.24,78.52,81.51,84.85,85.78,90.16,93.04,96.58,99.48,105.05,112.61,117.45,124.38,126.5,130.8,133.94,136.08,140.98,145.07,150,154.2,160.06,165.98,171.29,173.52,175.95,177.35,168.23,173.99,181.01,185.38,188.68,192.17,194.96,197.89,201.05,204.47,208.15,212.11,216.14,220.24
Libya,,,,,,,,,,53.51,53.83,43.04,43.7,41.64,38.18,38.41,34.05,29.05,31.25,33.5,116.97,135.53,131.72,126.58,129.02,112.65,115.55,114.67,114.2,34.06,35.31,34.69,34.36,38.83,40.56,45.38,48.33,51.39,52.77,52.35,54.98,20.85,46.52,40.2,30.55,27.84,27.06,34.28,39.47,40.47,28.54,36.62,34.42,39.1,44.66,48.54,51.7,54.44,57.05,59.56,62,64.36,66.8,69.34
Tunisia,5.69,6.29,7.41,7.36,7.95,8.52,9.19,9.5,10.12,10.78,11.58,12.22,12.16,12.73,13.46,14.22,14.02,14.95,14.97,15.23,16.44,17.08,18.41,18.81,19.41,19.87,21.29,22.45,23.52,24.95,26.12,27.11,27.47,28.76,30.56,31.62,33.28,35.51,37.02,38.14,39.48,38.73,40.27,41.43,42.66,43.17,43.67,44.51,45.7,46.17,42.1,43.96,45.07,45.85,46.81,47.97,49.18,50.56,51.97,53.43,54.98,56.57,58.21,59.9
Sub-Saharan Africa,382.31,411.6,422.4,441.72,473.83,470.62,492.91,505.81,501.95,531.1,552.86,546.55,540.02,525.96,537.31,548.8,559.28,575.9,601.61,616.53,629.93,632.47,630.53,622.98,629.4,651.25,685.15,709.93,728.14,743.85,769.67,802.32,855.32,891.47,950.22,1009.79,1072.79,1144.71,1207.73,1250.22,1321.24,1387.31,1452.82,1529.6,1605.44,1656.05,1679.42,1725.88,1770.93,1815.47,1778.21,1852.03,1916.12,1974.57,2048.04,2132.25,2213.14,2296.73,2383.17,2472.94,2566.45,2663.31,2764.21,2869.32
Nigeria,101.4,115.83,119.73,126.19,140.27,132.94,144.96,153.69,144.83,154.62,161.12,139.97,130.45,116.2,114.9,121.7,121.77,125.67,134.88,137.47,153.66,154.21,161.35,158.07,155.2,155.09,161.6,166.34,170.64,171.63,180.24,190.91,220.17,236.35,258.21,274.84,291.49,310.71,331.72,358.38,387.07,407.62,424.86,453.21,481.8,494.58,486.59,490.51,499.94,510.98,501.15,518.18,534.25,549.81,565.71,583.5,596.56,610.88,626.15,642.43,659.78,678.91,698.6,718.86
South Africa,104.58,109.05,110.86,115.92,123.01,125.09,127.91,127.79,131.64,136.63,145.68,153.49,152.9,150.07,157.73,155.82,155.84,159.12,165.8,169.77,169.23,167.51,163.93,165.95,171.26,176.57,184.16,188.95,189.9,194.45,202.62,208.09,215.79,222.15,232.27,244.53,258.23,272.08,280.76,276.44,284.84,294.2,300.71,308.18,313.87,317.62,318.89,323.4,325.94,326.44,305.74,320.76,327.31,329.07,335.14,343.41,350.93,359,367.26,376.07,386.22,397.04,408.16,419.58
Other West African Community,46.02,48.35,49.41,50.08,52.53,53.03,56.39,58.53,62.74,64.41,61.61,62.74,62.82,60.72,60.94,64.02,66.22,67.36,69.34,71.48,69.34,71.23,71.26,72.37,73.82,77.45,81.89,85.59,89.81,93.12,95.69,99.15,101.56,104.29,107.77,112.25,116.58,121.2,127.73,131.96,138.61,144.63,155.73,166.21,175.3,182.52,192.56,206.02,218.78,232.02,235.51,248.17,260.45,274.57,290.11,305.9,322.22,338.54,354.87,371.19,387.32,403.11,419.57,436.72
Benin,2.21,2.18,2.32,2.4,2.48,2.36,2.38,2.5,2.53,2.7,2.88,3.17,3.24,3.1,3.34,3.59,3.67,3.62,3.74,3.63,3.96,4.13,4.25,4.5,4.59,4.86,5.07,5.36,5.58,5.88,6.22,6.55,6.86,7.09,7.41,7.53,7.83,8.3,8.7,8.91,9.09,9.36,9.81,10.52,11.19,11.39,11.77,12.44,13.27,14.18,14.73,15.78,16.73,17.7,18.76,20.34,21.87,23.32,24.76,26.2,27.59,28.97,30.42,31.94
Burkina Faso,1.56,1.58,1.61,1.62,1.76,1.81,1.96,1.97,2.06,2.14,2.15,2.24,2.46,2.47,2.42,2.63,2.84,2.83,3,3.06,3.04,3.32,3.33,3.44,3.49,3.69,4.09,4.35,4.67,5.01,5.11,5.45,5.68,6.13,6.4,6.96,7.39,7.69,8.14,8.38,9.09,9.69,10.32,10.91,11.39,11.83,12.54,13.31,14.22,15.03,15.32,16.37,16.78,17.55,18.55,19.62,20.65,21.69,22.71,23.71,24.68,25.59,26.54,27.52
Cabo Verde,0.16,0.17,0.17,0.18,0.18,0.15,0.15,0.14,0.16,0.16,0.17,0.19,0.19,0.21,0.22,0.24,0.24,0.25,0.27,0.28,0.29,0.29,0.32,0.35,0.42,0.48,0.53,0.59,0.66,0.74,0.85,0.86,0.91,0.95,1.04,1.12,1.21,1.39,1.48,1.46,1.48,1.54,1.56,1.57,1.58,1.6,1.67,1.73,1.81,1.92,1.63,1.75,2.05,2.14,2.25,2.36,2.47,2.59,2.71,2.84,2.98,3.11,3.26,3.41
Cte d'Ivoire,13.34,14.6,15.22,16.13,16.82,18.21,20.56,22.07,24.48,25.06,22.32,23.1,23.14,22.24,21.64,22.61,23.35,23.27,23.53,24.23,23.96,23.97,23.91,23.87,24.06,25.78,27.77,28.81,30.23,30.72,30.08,30.12,29.62,29.21,29.57,30.08,30.54,31.08,31.87,32.9,33.57,32.1,35.53,38.69,42.09,45.81,49.1,52.72,56.3,60.16,61.33,65.64,69.78,73.96,78.25,82.95,87.68,92.32,96.85,101.21,105.35,109.15,113.08,117.15
Gambia,0.3,0.3,0.3,0.32,0.34,0.39,0.42,0.43,0.46,0.45,0.48,0.49,0.49,0.54,0.56,0.56,0.58,0.6,0.62,0.66,0.68,0.7,0.73,0.75,0.75,0.76,0.77,0.81,0.84,0.89,0.94,1,0.97,1.03,1.11,1.08,1.07,1.11,1.18,1.25,1.33,1.22,1.28,1.32,1.3,1.35,1.38,1.45,1.54,1.63,1.64,1.71,1.79,1.89,2,2.12,2.24,2.36,2.49,2.61,2.74,2.87,3.01,3.15
Ghana,10.09,10.62,10.35,10.65,11.38,9.97,9.62,9.83,10.67,10.4,10.45,10.08,9.38,8.96,9.73,10.23,10.76,11.27,11.91,12.51,12.93,13.61,14.14,14.83,15.32,15.95,16.68,17.38,18.2,19,19.7,20.49,21.41,22.52,23.79,25.19,26.8,27.97,30.53,32,34.53,39.38,43.04,46.19,47.53,48.56,50.24,54.33,57.73,61.47,61.79,65.1,67.68,69.71,72.5,75.9,79.32,82.89,86.54,90.34,94.23,98.28,102.51,106.91
Guinea,1.94,2.05,2.09,2.13,2.24,2.3,2.48,2.4,2.56,2.53,2.6,2.62,2.66,2.7,2.73,2.87,2.96,3.06,3.25,3.38,3.53,3.62,3.74,3.93,4.08,4.27,4.46,4.69,4.86,5.05,5.18,5.37,5.64,5.71,5.85,6.02,6.09,6.51,6.78,6.7,7.03,7.42,7.86,8.17,8.47,8.79,9.75,10.75,11.42,12.05,12.65,13.12,13.73,14.36,15,15.67,16.35,17.03,17.75,18.47,19.21,19.96,20.74,21.55
Guinea-Bissau,0.36,0.35,0.37,0.38,0.39,0.42,0.45,0.41,0.47,0.48,0.4,0.47,0.49,0.48,0.52,0.54,0.54,0.55,0.58,0.61,0.65,0.69,0.69,0.71,0.73,0.76,0.85,0.91,0.65,0.66,0.69,0.71,0.7,0.71,0.73,0.76,0.77,0.8,0.82,0.85,0.89,0.96,0.95,0.98,0.99,1.05,1.11,1.18,1.22,1.28,1.3,1.36,1.41,1.47,1.53,1.59,1.65,1.7,1.76,1.81,1.87,1.92,1.98,2.04
Liberia,2.84,2.98,3.09,3.21,3.32,3.19,3.35,3.38,3.57,3.74,3.51,3.37,3.43,3.31,3.29,3.23,3.19,3.24,3.34,3.43,0.76,0.65,0.42,0.28,0.22,0.21,0.24,0.49,0.64,0.77,2.18,2.24,2.32,1.62,1.67,1.75,1.89,2.07,2.22,2.34,2.48,2.69,2.9,3.15,3.18,3.18,3.13,3.2,3.24,3.17,3.16,2.73,2.85,2.98,3.12,3.27,3.41,3.56,3.71,3.87,4.02,4.18,4.34,4.51
Mali,2.21,2.27,2.4,2.36,2.33,2.6,2.95,3.14,3.09,3.42,3.27,3.32,3.07,3.13,3.12,3.75,3.85,3.85,4.13,4.31,4.2,4.69,4.54,4.68,4.86,4.91,5.25,5.51,5.92,6.26,6.26,7.22,7.44,8.12,8.25,8.79,9.2,9.52,9.97,10.45,11.01,11.36,11.27,11.53,12.34,13.1,13.86,14.61,15.29,16.06,16.17,16.77,17.29,18.06,18.82,19.59,20.36,21.13,21.91,22.7,23.5,24.27,25.07,25.9
Niger,3.43,3.62,3.44,2.85,3.1,3.01,3.03,3.27,3.71,3.98,3.89,3.91,3.97,3.79,3.15,3.39,3.61,3.61,3.86,3.89,3.84,3.84,3.92,3.93,4,4.09,4.11,4.17,4.58,4.58,4.53,4.85,5.08,5.21,5.23,5.6,5.93,6.11,6.59,6.71,7.27,7.44,8.23,8.69,9.26,9.67,10.22,10.73,11.48,12.15,12.58,12.75,13.65,15.42,16.5,17.49,18.88,20.31,21.78,23.26,24.75,26.23,27.81,29.47
Senegal,4.65,4.64,4.94,4.66,4.86,5.22,5.69,5.54,5.32,5.69,5.5,5.78,6.23,5.9,6.12,6.32,6.52,6.92,6.88,7.15,7.1,7.28,7.37,7.47,7.47,7.87,8.03,8.28,8.77,9.32,9.62,10.06,10.13,10.81,11.44,12.08,12.38,12.99,13.52,13.8,14.29,14.5,15.24,15.67,16.71,17.77,18.9,20.3,21.6,22.74,23.04,24.44,25.59,27.66,30.51,32,33.6,35.18,36.73,38.24,39.69,41.04,42.43,43.88
Sierra Leone,1.74,1.8,1.82,1.86,1.93,1.96,1.95,1.95,2,2.09,2.19,2.25,2.36,2.31,2.41,2.28,2.31,2.47,2.3,2.31,2.39,2.45,1.98,2.01,1.97,1.81,1.84,1.74,1.77,1.73,1.85,1.73,2.19,2.39,2.55,2.66,2.78,3,3.16,3.26,3.44,3.65,4.21,5.08,5.31,4.22,4.47,4.66,4.82,5.09,4.99,5.19,5.39,5.57,5.82,6.07,6.33,6.59,6.85,7.12,7.39,7.67,7.95,8.24
Togo,1.19,1.19,1.28,1.33,1.39,1.43,1.4,1.5,1.66,1.58,1.81,1.75,1.68,1.59,1.68,1.77,1.8,1.81,1.93,2.01,2.01,1.99,1.91,1.62,1.87,2.01,2.19,2.51,2.45,2.51,2.49,2.51,2.61,2.78,2.75,2.63,2.69,2.66,2.77,2.92,3.1,3.3,3.52,3.73,3.95,4.18,4.41,4.61,4.83,5.09,5.18,5.45,5.74,6.1,6.5,6.94,7.41,7.85,8.33,8.82,9.33,9.87,10.44,11.05
Other Sub-Saharan Africa,130.32,138.37,142.4,149.52,158.03,159.56,163.65,165.8,162.74,175.44,184.45,190.35,193.86,198.97,203.74,207.27,215.45,223.75,231.59,237.8,237.7,239.51,233.99,226.59,229.11,242.14,257.5,269.05,277.79,284.64,291.12,304.17,317.79,328.68,351.96,378.17,406.49,440.74,467.52,483.44,510.72,540.87,571.52,602,634.46,661.33,681.39,705.95,726.26,746.03,735.81,764.92,794.11,821.12,857.08,899.44,943.44,988.31,1034.89,1083.24,1133.13,1184.25,1237.89,1294.16
Angola,28.21,29.9,29.96,32.39,33.39,31.72,30.07,30.31,28.71,28.79,29.48,28.19,28.19,29.37,31.13,32.22,33.16,34.51,36.63,36.64,35.38,35.73,33.64,25.57,25.92,29.8,33.84,36.3,38,38.83,40.02,41.7,47.4,48.82,54.17,62.31,69.5,79.24,88.09,88.84,93.16,96.39,104.63,109.81,115.11,116.19,113.2,113.03,110.76,109.8,103.55,104.7,108.16,110.87,114.06,118.17,121.68,125.46,129.47,133.74,138.29,142.99,147.85,152.88
Botswana,0.42,0.53,0.66,0.81,0.88,0.95,1.05,1.18,1.35,1.51,1.69,1.84,2.07,2.34,2.54,2.72,2.94,3.29,3.94,4.45,4.75,5.1,5.25,5.35,5.55,5.94,6.28,6.81,6.84,7.5,7.65,7.67,8.13,8.51,8.74,9.14,9.9,10.72,11.39,10.52,11.42,12.11,12.65,14.09,14.67,14.42,15.04,15.48,16.17,16.65,15.2,16.93,18.01,18.75,19.59,20.43,21.3,22.17,23.06,23.95,24.87,25.74,26.64,27.57
Burundi,1.23,1.26,1.18,1.26,1.25,1.26,1.36,1.52,1.5,1.53,1.54,1.73,1.71,1.78,1.78,1.99,2.05,2.17,2.27,2.31,2.39,2.51,2.53,2.37,2.28,2.1,1.93,1.9,1.99,1.97,1.96,2,2.08,2.06,2.16,2.18,2.3,2.38,2.49,2.59,2.72,2.83,2.95,3.1,3.23,3.1,3.09,3.1,3.15,3.21,3.22,3.28,3.34,3.44,3.59,3.79,3.99,4.2,4.42,4.63,4.85,5.08,5.31,5.56
Cameroon,5.59,5.78,5.94,6.26,6.93,7.71,7.28,8.28,10.11,10.72,10.51,12.3,13.22,14.13,15.19,16.41,17.53,17.15,15.81,15.52,14.57,14.02,13.58,12.51,12.77,13.21,13.79,14.51,15.17,15.82,16.38,17.09,17.82,18.63,19.89,20.3,21,22.03,22.8,23.3,24.1,25.09,26.23,27.65,29.27,30.93,32.37,33.52,34.88,36.28,36.46,37.79,39.22,40.91,42.73,44.7,46.85,48.96,51.01,53,54.91,56.78,58.71,60.7
Central African Republic,1.19,1.2,1.2,1.22,1.3,1.31,1.38,1.43,1.45,1.41,1.35,1.33,1.43,1.31,1.44,1.49,1.55,1.47,1.5,1.53,1.49,1.48,1.39,1.39,1.46,1.57,1.5,1.58,1.66,1.72,1.68,1.75,1.81,1.72,1.82,1.84,1.92,2.01,2.05,2.23,2.33,2.43,2.55,1.62,1.63,1.7,1.78,1.86,1.93,1.98,2,2.02,2.03,2.08,2.16,2.25,2.34,2.43,2.51,2.58,2.65,2.71,2.77,2.83
Chad,1.88,1.83,1.86,1.7,1.78,1.94,2,2.05,2.04,1.6,1.5,1.52,1.6,1.85,1.89,2.3,2.21,2.16,2.49,2.61,2.5,2.71,2.93,2.47,2.72,2.76,2.82,2.98,3.18,3.16,3.13,3.5,3.8,4.35,5.82,6.83,6.87,7.1,7.31,7.62,8.65,8.66,9.43,9.97,10.66,10.95,10.27,9.96,10.2,10.53,10.3,10.18,10.53,10.89,11.29,11.65,12.04,12.45,12.87,13.31,13.76,14.23,14.71,15.21
Democratic Republic of Congo,25.83,27.38,27.42,29.65,30.58,29.06,27.52,27.72,26.24,26.36,26.93,27.57,27.44,27.83,29.37,29.51,30.9,31.73,31.88,31.47,29.4,26.93,24.1,20.85,20.04,20.18,19.98,18.85,18.55,17.76,16.53,16.18,16.66,17.59,18.77,19.92,20.98,22.3,23.69,24.36,26.09,27.89,29.86,32.4,35.46,37.92,38.83,40.27,42.62,44.49,45.26,47.85,50.76,54.01,57.69,61.67,65.72,69.99,74.4,78.94,83.6,88.45,93.58,99
Djibouti,0.75,0.8,0.83,0.87,0.84,0.93,1.01,0.89,0.82,0.87,0.91,0.93,0.95,0.96,0.97,0.97,0.95,0.96,0.97,0.95,0.71,0.68,0.72,0.76,0.74,0.78,0.74,0.78,0.78,0.8,0.8,0.82,0.85,0.87,0.9,0.93,1.04,1.1,1.15,1.31,1.47,1.65,1.87,2.12,2.27,2.45,2.61,2.75,2.9,3.06,3.1,3.27,3.39,3.57,3.78,4.08,4.39,4.72,5.08,5.45,5.85,6.28,6.74,7.23
Equatorial Guinea,0.1,0.11,0.11,0.12,0.12,0.13,0.13,0.14,0.13,0.13,0.13,0.14,0.14,0.15,0.15,0.17,0.17,0.17,0.18,0.18,0.17,0.17,0.23,0.26,0.3,0.35,0.59,1.47,1.82,2.28,2.7,4.41,5.27,6.01,8.29,9.67,10.42,12.01,14.15,14.34,13.06,13.91,15.07,14.45,14.51,13.19,12.02,11.34,10.62,10.03,9.54,9.78,10.22,9.9,9.91,10.15,10.39,10.64,10.9,11.16,11.43,11.7,11.98,12.27
Eritrea,1.03,1.06,1.08,1.1,1.12,1.14,1.17,1.19,1.22,1.24,1.27,1.29,1.32,1.34,1.37,1.4,1.43,1.46,1.49,1.52,1.57,1.76,1.95,2.21,2.49,3.01,3.08,3.36,3.63,3.7,3.71,3.25,3.53,3.64,3.54,3.59,3.56,3.61,3.26,3.38,3.46,3.76,4.02,4.21,4.33,4.44,4.52,4.75,4.95,5.1,4.89,5,5.13,5.27,5.44,5.62,5.81,6.01,6.21,6.42,6.62,6.83,7.05,7.28
Ethiopia,,,,,,,,,,10.5,10.92,10.92,11.02,11.93,11.59,10.3,11.29,12.86,12.92,12.87,13.22,12.28,11.22,12.69,13.09,13.9,15.62,16.11,15.56,16.36,17.35,18.79,19.08,18.67,21.2,23.7,26.27,29.28,32.44,35.3,39.73,44.17,47.99,53.07,58.51,64.59,70.68,77.44,82.72,89.57,95,100.32,104.13,109.65,116.34,124.25,132.95,141.46,150.37,159.84,169.59,179.77,190.55,201.99
Gabon,3.29,3.63,4.04,4.45,6.21,7.41,10.05,8.78,6.67,6.7,6.87,7.22,7,7.39,7.95,7.76,7.7,6.38,7.2,7.81,8.22,8.72,8.45,8.78,9.11,9.56,9.91,10.48,10.84,9.88,9.69,9.9,9.87,10.09,10.16,10.44,10.14,10.75,10.4,10.41,11.15,11.94,12.56,13.27,13.85,14.38,14.68,14.75,14.88,15.38,15.1,15.33,15.74,16.21,16.73,17.25,17.77,18.3,18.85,19.42,20,20.6,21.22,21.85
Kenya,8.27,10.11,11.83,12.53,13.04,13.15,13.44,14.71,15.72,16.92,17.87,18.54,18.82,19.07,19.4,20.24,21.69,22.98,24.4,25.55,26.62,27,26.79,26.88,27.59,28.8,30,30.14,31.13,31.85,32.04,33.25,33.43,34.41,36.17,38.31,40.79,43.58,43.68,45.13,48.92,51.91,54.28,57.47,60.55,64.01,67.77,71.03,75.52,79.57,79.37,85.33,89.43,93.51,98.67,103.84,109.33,115.12,121.22,127.65,134.41,141.27,148.47,156.05
Lesotho,0.3,0.32,0.32,0.4,0.45,0.39,0.43,0.52,0.62,0.64,0.62,0.62,0.65,0.66,0.7,0.72,0.75,0.76,0.82,0.87,0.92,0.99,1.06,1.09,1.16,1.2,1.27,1.31,1.33,1.34,1.39,1.44,1.45,1.52,1.54,1.6,1.66,1.74,1.86,1.9,1.92,2.02,2.16,2.25,2.31,2.37,2.49,2.46,2.45,2.49,2.35,2.38,2.42,2.47,2.53,2.59,2.65,2.71,2.78,2.85,2.93,3.01,3.1,3.18
Madagascar,5.58,5.8,5.73,5.58,5.69,5.76,5.58,5.72,5.56,6.11,6.17,5.57,5.46,5.51,5.61,5.67,5.78,5.85,6.05,6.3,6.49,6.08,6.15,6.28,6.28,6.39,6.52,6.77,7.03,7.36,7.69,8.15,7.14,7.84,8.25,8.64,9.11,9.63,10.27,9.86,9.93,10.08,10.39,10.62,10.98,11.32,11.78,12.24,12.8,13.41,12.45,13.17,13.72,14.27,14.96,15.66,16.39,17.17,17.97,18.82,19.7,20.59,21.51,22.48
Malawi,1.03,1.2,1.28,1.31,1.4,1.48,1.56,1.64,1.8,1.87,1.88,1.78,1.83,1.89,2,2.09,2.08,2.12,2.18,2.21,2.34,2.54,2.36,2.59,2.32,2.71,2.91,3.02,3.14,3.23,3.28,3.12,3.17,3.35,3.53,3.65,3.82,4.19,4.51,4.88,5.22,5.47,5.58,5.87,6.2,6.37,6.53,6.79,7.01,7.31,7.38,7.58,7.65,7.83,8.07,8.37,8.74,9.11,9.5,9.91,10.34,10.76,11.2,11.66
Mauritania,2.02,2.06,2.04,1.95,2.19,2.08,2.25,2.21,2.2,2.3,2.38,2.46,2.41,2.5,2.42,2.49,2.63,2.68,2.73,2.86,2.81,2.86,2.91,3.08,2.99,3.28,3.47,3.33,3.42,3.55,3.41,3.38,3.43,3.67,3.84,4.17,4.93,4.84,4.82,4.83,4.95,5.16,5.39,5.61,5.85,6.17,6.24,6.46,6.6,6.99,6.87,7.03,7.41,7.78,8.35,8.86,9.35,9.82,10.25,10.64,10.98,11.29,11.6,11.93
Mauritius,1.23,1.29,1.39,1.55,1.68,1.7,2.13,2.27,2.36,2.44,2.19,2.32,2.45,2.46,2.58,2.76,3.02,3.29,3.52,3.67,3.94,4.11,4.38,4.6,4.79,5,5.28,5.58,5.92,6.07,6.57,6.79,6.9,7.31,7.62,7.76,8.14,8.6,9.06,9.37,9.78,10.17,10.53,10.88,11.29,11.69,12.14,12.6,13.08,13.54,11.56,11.98,12.68,13.32,13.85,14.39,14.95,15.52,16.11,16.71,17.33,17.93,18.56,19.21
Mozambique,1.72,1.85,1.94,2.03,2.15,2.2,2.32,2.32,2.34,2.41,2.82,2.96,2.75,2.32,2.17,2.19,2.14,2.46,2.66,2.83,2.86,3,2.82,3.12,3.32,3.39,3.77,4.2,4.62,5.16,5.22,5.85,6.39,6.84,7.38,7.87,8.63,9.3,9.98,10.61,11.29,12.13,13.01,13.92,14.95,15.95,16.56,17.18,17.77,18.16,17.95,18.36,19.12,20.07,21.48,22.55,23.57,24.63,25.74,26.9,28.11,29.37,30.69,32.07
Namibia,,,,,,,,,,,3.46,3.49,3.48,3.42,3.41,3.42,3.59,3.72,3.75,3.82,3.89,4.21,4.51,4.44,4.52,4.7,4.85,5.05,5.22,5.39,5.58,5.65,5.92,6.17,6.92,7.1,7.6,8.01,8.22,8.25,8.74,9.19,9.65,10.2,10.78,11.27,11.24,11.21,11.29,11.16,10.26,10.62,11.1,11.33,11.55,11.9,12.32,12.73,13.15,13.57,14,14.42,14.85,15.29
Republic of Congo,1.3,1.4,1.52,1.65,1.78,1.92,1.94,1.76,1.87,2.06,2.42,2.85,3.52,3.73,3.99,3.94,3.67,3.68,3.74,3.84,3.88,3.97,4.07,4.03,3.81,3.96,4.13,4.11,4.26,4.15,4.47,4.64,4.85,4.89,5.06,5.45,5.79,5.7,6.02,6.46,7.03,7.27,7.55,7.81,8.34,8.56,8.32,8.17,8.3,8.22,7.71,7.54,7.8,8.04,8.4,8.61,8.84,9.08,9.33,9.57,9.82,10.07,10.34,10.6
Rwanda,1.32,1.34,1.34,1.39,1.41,1.38,1.64,1.68,1.83,2.05,2.23,2.35,2.4,2.54,2.43,2.54,2.68,2.68,2.8,2.8,2.73,2.66,2.82,2.59,1.29,1.74,1.96,2.23,2.43,2.54,2.75,2.98,3.38,3.45,3.71,4.06,4.43,4.77,5.3,5.63,6.05,6.53,7.09,7.43,7.88,8.58,9.1,9.46,10.27,11.24,10.86,12.04,13.03,13.81,14.84,16,17.12,18.3,19.56,20.9,22.32,23.83,25.45,27.19
Seychelles,0.21,0.24,0.26,0.28,0.29,0.3,0.34,0.32,0.39,0.45,0.43,0.4,0.39,0.39,0.4,0.45,0.45,0.47,0.49,0.55,0.59,0.6,0.65,0.69,0.68,0.67,0.71,0.79,0.86,0.87,0.89,0.87,0.88,0.83,0.8,0.88,0.96,1.06,1.03,1.02,1.08,1.17,1.18,1.26,1.31,1.38,1.44,1.5,1.56,1.63,1.49,1.53,1.64,1.73,1.81,1.89,1.97,2.05,2.13,2.2,2.28,2.35,2.43,2.51
Sudan,11.19,11.44,10.86,10.93,12.18,14.09,16.44,17.46,16.43,15.6,15.84,17.02,18.03,18.4,17.48,16.38,17.27,19.73,19.66,21.42,20.24,21.77,23.2,24.26,24.5,25.97,27.51,30.41,31.72,32.71,34.79,37.05,39.43,42.48,44.13,47.43,52.2,58.22,62.76,64.8,64.58,67.03,66.07,68.97,70.82,74.29,77.79,81.12,79.24,77.21,74.41,73,72.41,68.79,68.1,70.15,71.9,73.34,74.8,76.3,77.83,79.31,80.81,82.35
Swaziland/Eswatini,0.42,0.47,0.5,0.54,0.58,0.66,0.64,0.65,0.66,0.68,0.76,0.87,0.88,0.89,0.95,0.98,1.1,1.27,1.35,1.52,1.91,1.95,2.01,2.07,2.12,2.22,2.31,2.38,2.44,2.51,2.49,2.52,2.63,2.73,2.83,3,3.18,3.32,3.34,3.4,3.53,3.6,3.8,3.95,3.98,4.07,4.13,4.21,4.31,4.36,4.28,4.61,4.64,4.77,4.88,5.01,5.14,5.26,5.39,5.51,5.64,5.76,5.89,6.02
So Tom and Principe,0.08,0.09,0.09,0.09,0.1,0.1,0.1,0.13,0.13,0.16,0.15,0.14,0.14,0.14,0.13,0.14,0.13,0.13,0.13,0.13,0.14,0.14,0.14,0.14,0.14,0.15,0.15,0.15,0.15,0.16,0.16,0.16,0.16,0.17,0.18,0.19,0.21,0.22,0.23,0.24,0.25,0.27,0.27,0.29,0.31,0.32,0.33,0.34,0.35,0.36,0.37,0.38,0.39,0.4,0.41,0.42,0.44,0.45,0.47,0.48,0.5,0.51,0.53,0.55
Tanzania,7.35,7.66,8.17,8.42,8.63,9.14,9.73,9.77,9.89,10.22,10.52,10.47,10.53,10.28,10.63,11.12,11.33,11.89,12.37,12.83,13.74,14.02,14.1,14.27,14.5,15.02,15.7,16.25,16.85,17.67,18.47,19.59,20.98,22.38,24.06,25.86,27.55,29.42,31.09,32.73,34.8,37.47,39.16,41.81,44.63,47.38,50.63,54.07,57.01,60.31,63.23,66.35,69.47,72.87,76.88,81.15,85.7,90.59,95.75,101.21,106.98,113.18,119.75,126.7
Uganda,5.3,5.44,5.44,5.44,5.44,5.37,5.37,5.44,5.22,4.57,4.42,4.59,4.94,5.23,5.21,5.04,5.06,5.26,5.69,6.05,6.45,6.8,7.04,7.62,8.11,9.04,9.86,10.37,10.88,11.75,12.12,12.75,13.86,14.76,15.77,16.76,18.57,20.13,21.89,23.38,24.69,27.01,28.05,29.06,30.54,32.12,33.66,34.97,37.13,39.54,38.98,41.6,43.55,45.95,48.57,51.58,55.29,59.05,62.83,66.6,70.33,73.85,77.54,81.42
Zambia,5.39,5.38,5.88,5.82,6.19,6.05,6.43,6.14,6.17,5.98,6.17,6.55,6.36,6.24,6.22,6.32,6.36,6.53,6.94,6.87,6.84,6.84,6.72,7.17,6.56,6.75,7.16,7.44,7.41,7.75,8.06,8.48,8.87,9.48,10.15,10.88,11.74,12.72,13.71,14.98,16.52,17.44,18.77,19.71,20.64,21.24,22.05,22.82,23.74,24.14,23.47,24.55,25.72,26.59,27.57,28.73,29.88,31.08,32.32,33.62,34.96,36.36,37.81,39.33
Zimbabwe,8.08,8.8,9.54,9.79,10.43,10.23,10.28,9.58,9.32,9.62,11.01,12.39,12.72,12.92,12.67,13.55,13.84,14,15.05,15.83,16.94,17.88,16.27,16.44,17.96,17.98,19.85,20.38,20.97,20.8,20.16,20.45,18.63,15.46,14.57,13.73,13.26,12.78,10.52,11.78,14.1,16.1,18.78,19.16,19.61,19.96,20.11,21.06,22.08,20.29,19.21,20.42,21.24,22.05,22.86,23.73,24.62,25.5,26.42,27.35,28.28,29.24,30.23,31.26
High income countries/1,14467.36,15118.49,15950.97,16968.78,17187.29,17184.18,18050.16,18767.37,19555.52,20356.38,20608.32,20980.02,20933.85,21530.61,22542.94,23338.11,24104.44,24945.1,26108.43,27096.22,27864.46,28191.39,28796.48,29195.35,30166.03,31034.95,31977.9,33095.55,34057.15,35239.33,36681.61,37241.86,37846.38,38706.88,40033.33,41222.3,42539.43,43734.5,43930.89,42534.1,43790.95,44640.61,45265.1,45953.99,46941.09,48084.67,48910.67,50072.55,51220.24,52105.3,49838.64,52543.59,54019.74,54743.58,55538.3,56604.38,57762.19,58881.72,59936.84,60975.22,62014.02,63023.44,64051.09,65097.31
High income countries less USA/2,9279,9759.26,10309.9,11009.23,11259.95,11269.02,11816.29,12245.23,12672.36,13255.29,13525.46,13717.42,13802.19,14072.04,14544.62,15006.28,15484.11,16026.55,16817.35,17463.9,18057.2,18394.74,18654.76,18774.44,19325.28,19903.2,20426.2,21030.12,21451.02,22034,22931.24,23354.21,23716.85,24173.07,24947.4,25606.37,26477.67,27371.39,27590.14,26607.87,27456.41,28052.75,28304.09,28680.54,29231.31,29846.37,30399.52,31152,31744.16,32178.94,30471.39,32024.28,33073.98,33431.28,33961.87,34602.85,35218.5,35819.52,36413.4,37004.84,37588.2,38157.96,38738.02,39328.61
Upper-middle income countries/3,2217.75,2354.21,2485.39,2675.45,2830.19,2954.54,3106.44,3254.06,3408.65,3664.39,3917.42,4016.06,4147.73,4221.99,4451.14,4631.6,4836.46,5059.87,5273.12,5416.95,5558.64,5631.32,5677.38,5895.87,6107.36,6304.46,6634.34,7015.94,7229.19,7411.27,7873.89,8160.28,8550.76,9066.7,9806.4,10569.06,11516.21,12628.75,13453.16,13825.24,14991.59,16039.65,16981.87,17940.2,18797.92,19603.09,20439.07,21498.63,22541.15,23481.29,23346.48,25151.03,25914.66,26981.44,28137.97,29321.87,30528.1,31751.97,33007.63,34317.09,35592.33,36843.83,38140.91,39485.25
Lower-middle income countries/4,1049.2,1110.24,1167.68,1230.36,1293.51,1316.39,1405.48,1465.2,1473.31,1482.49,1486.1,1511.36,1578.35,1633.2,1667.36,1727.88,1766.17,1833.84,1915.46,2000.89,2100.99,2157.12,2221.06,2256.06,2313.58,2421.64,2564.88,2653.09,2688.14,2799.03,2923.18,3040.67,3188.26,3385.15,3606.94,3827.68,4075.29,4357.17,4542.41,4753.41,5066.47,5307.88,5533.29,5817.6,6143.97,6456.58,6836.97,7196.7,7483.9,7771.55,7525.55,7956.27,8349.18,8711.7,9155.37,9635.63,10142.97,10665.59,11203.49,11757.14,12326.94,12909.86,13521.99,14164.83
Low income countries/5,82.66,86.16,87.65,89.03,94.18,96.38,99.88,101.75,101.17,130.1,134.57,139.98,142.18,144.62,145.55,144.58,149.44,155.1,159.37,160.03,158.96,161.06,162.08,164.24,166.58,175.97,185.53,193.92,200.96,206.08,213.08,222.66,233.95,244.48,258.84,276.71,294.74,316.25,336.06,353.65,375.86,386.37,392.28,405.36,421.08,423.8,437.57,454.99,471.08,477.91,475.91,486.87,501.42,517.88,540.85,569.39,599.95,630.52,662,694.44,727.52,761.09,796.36,833.41
BRIICs/5,1381.44,1472.9,1548.92,1686.84,1776.77,1870.88,1973.03,2087.86,2206.32,2300.86,2466.84,2527.79,2653.09,2753.3,2937.71,3117.85,3310.05,3478.86,3685.1,3825.16,3841.12,3915.41,3954.94,4137.81,4331.19,4596.77,4849.84,5127.69,5251.35,5546.76,5932.52,6272.85,6672.5,7166.94,7766.89,8431.93,9250.18,10266.21,11029.63,11643.64,12701.81,13665.87,14533.13,15454.64,16361.91,17191.69,18109.87,19185.1,20295.35,21339.25,21370.91,23051,23795.53,24929.58,26154.44,27409.28,28710.37,30039.42,31408.18,32837.96,34239.41,35619.75,37058.29,38557.56
Former centrally planned economies/7,778.23,813,836.27,888.42,926.66,955.77,1006.31,1052.66,1100.61,1137.41,1187.34,1242.23,1320.99,1376.5,1428.62,1453.61,1499.66,1544.97,1623.63,1678.51,1625.01,1527.41,1312.12,1186.36,1032.57,984.77,957.19,973.68,942.46,991.44,1080.98,1144.41,1203,1291.06,1391.25,1485.99,1613.56,1754.19,1847.46,1736.23,1819.11,1903.02,1973.68,2021.99,2045.64,2021.61,2038.56,2087.55,2151.73,2200.39,2145.32,2265.02,2230.24,2246.85,2301.63,2361.66,2415.26,2470.49,2527.03,2585.58,2646.2,2707.4,2770.46,2835.48
USMCA/8,5883.02,6080.9,6410.18,6784.37,6787.44,6802.77,7168.28,7488.49,7906.1,8187.97,8226.86,8472.61,8318.15,8641.75,9237.88,9615.82,9901.96,10239.35,10652.48,11035.48,11242.55,11241.43,11616.74,11930.32,12421.07,12689.73,13169.79,13771.33,14378.03,15037.69,15673.06,15821.51,16099.36,16558.09,17189.5,17799.89,18339.79,18752.62,18755.72,18246.51,18746.04,19080.47,19517.28,19878.65,20389.02,20964.99,21287.5,21772.24,22386.71,22862.55,22115.47,23404.48,23924.81,24346.17,24664.72,25153.86,25761.17,26344.89,26870.78,27381.74,27900.47,28408.1,28925.02,29451.37
Europe and Central Asia/9,7308.57,7664.08,8005.14,8506.75,8720.52,8700.13,9091.03,9381.48,9700.4,10064.78,10273.2,10349.35,10508.18,10750.77,11054.18,11340.93,11654.13,11992.93,12505.29,12932.32,13156.43,13177.72,13058.86,12926.45,13101.37,13362.12,13581.07,13961.66,14332.93,14777.98,15392.77,15780.95,16025.7,16299.15,16789.11,17220.07,17878.24,18518.45,18701.6,17880.55,18315.02,18696.98,18730.71,18849.49,19176.7,19549.68,19916.14,20419.89,20853.25,21175.73,19895.73,21022.02,21667.57,21814.13,22100.4,22503.78,22898.2,23279.3,23651.64,24025.13,24393.46,24744.19,25100.99,25464.03
Middle East and North Africa/10,656.43,726.18,825.21,901.5,976.96,970.15,1095.63,1139.91,1110.88,1229.21,1219.42,1227.64,1202.82,1189.54,1199.86,1207.3,1233.44,1260.42,1291.72,1327.05,1569.91,1621.77,1708.71,1762.65,1788.46,1838.93,1933.19,2016.58,2097.12,2032.45,2153.71,2153.46,2206.06,2320.48,2511.84,2657.13,2824.16,2969.21,3086.88,3078.74,3255.37,3425.17,3550.57,3684.37,3806.86,3923.08,4092.03,4211.26,4245.74,4273.26,4163.12,4414.05,4665.57,4790.92,4939.36,5098.38,5243.96,5395.11,5550.94,5707.07,5863.06,6029.28,6200.49,6376.84
Other Southeast Asia outlook/11,125.43,132.59,139.47,150.81,157.53,164.17,180.12,195,207.45,220.62,230.19,239.58,249.13,257.82,258.74,256.43,265.71,282.28,309.32,337.59,363.19,384.22,407.86,436.31,468.82,505.48,541.4,556.09,532.09,556.59,589,606.48,639.2,679.5,724.66,761.66,803.42,852.77,884.09,888.54,953.24,986.34,1049.55,1097.68,1145.15,1202.34,1263.42,1335.11,1406.6,1471.39,1392.55,1436.97,1529.68,1600.13,1681.35,1765.17,1850.05,1935.66,2022.98,2112.44,2203.41,2297.07,2394.93,2497.2
Other South America outlook/12,168.01,177.61,183.69,189.4,200.16,200.82,208.02,216.86,226.97,239.94,253.36,263.95,255.23,243.73,251.09,258,274.74,293.79,296.55,299.6,305.01,316.47,332.31,350.22,374.16,397.11,412.15,435.2,443.36,436.5,449.27,455.68,466.69,484.39,512.05,539.84,574.6,611.27,642.02,645.44,685.42,728.37,762.2,801.33,826.94,849.64,871.32,888.02,917.36,935.92,864.6,959.7,1001.35,1011.59,1035.45,1067.13,1103.02,1140.29,1178.78,1218.5,1259.49,1301.15,1344.2,1388.68
